Feature agglomeration + SVM,53.08467941894238%, 12/19,RH,[0],"nu=0.7005, n_clusters=5"
Feature agglomeration + SVM,57.41292351156563%, 14/19,RH,[1],"nu=0.7005, n_clusters=5"
Feature agglomeration + SVM,57.888388101682%, 12/19,RH,[2],"nu=0.7005, n_clusters=5"
Feature agglomeration + SVM,64.62267953951681%, 15/19,RH,[3],"nu=0.7005, n_clusters=5"
Feature agglomeration + SVM,57.329398303698596%, 14/19,RH,[4],"nu=0.7005, n_clusters=5"
Feature agglomeration + SVM,69.39427583097407%, 15/19,RH,[5],"nu=0.7005, n_clusters=5"
Feature agglomeration + SVM,59.35918410587131%, 11/19,RH,[6],"nu=0.7005, n_clusters=5"
Feature agglomeration + SVM,59.26306995278509%, 13/19,RH,[7],"nu=0.7005, n_clusters=5"
Feature agglomeration + SVM,36.9746026242137%, 6/19,RH,[8],"nu=0.7005, n_clusters=5"
Feature agglomeration + SVM,56.979262195496396%, 10/19,RH,[9],"nu=0.7005, n_clusters=5"
Feature agglomeration + SVM,58.95482534518565%, 11/19,RH,[10],"nu=0.7005, n_clusters=5"
Feature agglomeration + SVM,62.362445982369174%, 11/19,RH,[11],"nu=0.7005, n_clusters=5"
Feature agglomeration + SVM,73.82563610341228%, 15/19,RH,[12],"nu=0.7005, n_clusters=5"
Feature agglomeration + SVM,53.822884147686324%, 10/19,RH,[13],"nu=0.7005, n_clusters=5"
Feature agglomeration + SVM,71.24623514153996%, 15/19,RH,[14],"nu=0.7005, n_clusters=5"
Feature agglomeration + SVM,54.8721818184986%, 10/19,RH,[15],"nu=0.7005, n_clusters=5"
Feature agglomeration + SVM,58.00284033667611%, 11/19,RH,[16],"nu=0.7005, n_clusters=5"
Feature agglomeration + SVM,42.13832016503288%, 7/19,RH,[17],"nu=0.7005, n_clusters=5"
Feature agglomeration + SVM,49.423836389466494%, 10/19,RH,[18],"nu=0.7005, n_clusters=5"
Feature agglomeration + SVM,54.70765386817972%, 12/19,RH,[19],"nu=0.7005, n_clusters=5"
Feature agglomeration + SVM,57.87213219818753%, 13/19,RH,[20],"nu=0.7005, n_clusters=5"
Feature agglomeration + SVM,56.02963883169399%, 12/19,RH,[21],"nu=0.7005, n_clusters=5"
Feature agglomeration + SVM,61.198302712986596%, 13/19,RH,[22],"nu=0.7005, n_clusters=5"
Feature agglomeration + SVM,49.41639458578146%, 9/19,RH,[23],"nu=0.7005, n_clusters=5"
Feature agglomeration + SVM,70.0383724465205%, 16/19,RH,[24],"nu=0.7005, n_clusters=5"
Feature agglomeration + SVM,60.92185143529415%, 13/19,RH,[25],"nu=0.7005, n_clusters=5"
Feature agglomeration + SVM,59.27465213713104%, 13/19,RH,[26],"nu=0.7005, n_clusters=5"
Feature agglomeration + SVM,58.357109949693545%, 12/19,RH,[27],"nu=0.7005, n_clusters=5"
Feature agglomeration + SVM,68.69605201314343%, 15/19,RH,[28],"nu=0.7005, n_clusters=5"
Feature agglomeration + SVM,56.15292525176777%, 11/19,RH,[29],"nu=0.7005, n_clusters=5"
Feature agglomeration + SVM,72.0746413697503%, 15/19,RH,[30],"nu=0.7005, n_clusters=5"
Feature agglomeration + SVM,55.47561138447048%, 10/19,RH,[31],"nu=0.7005, n_clusters=5"
Feature agglomeration + SVM,68.4372672619404%, 14/19,RH,[32],"nu=0.7005, n_clusters=5"
Feature agglomeration + SVM,53.68376590832106%, 9/19,RH,[33],"nu=0.7005, n_clusters=5"
Feature agglomeration + SVM,63.45209960967972%, 14/19,RH,[34],"nu=0.7005, n_clusters=5"
Feature agglomeration + SVM,48.85482011863226%, 10/19,RH,[35],"nu=0.7005, n_clusters=5"
Feature agglomeration + SVM,56.259923567275735%, 13/19,RH,[36],"nu=0.7005, n_clusters=5"
Feature agglomeration + SVM,51.28919864709667%, 12/19,RH,[37],"nu=0.7005, n_clusters=5"
Feature agglomeration + SVM,65.90158691727788%, 12/19,RH,[38],"nu=0.7005, n_clusters=5"
Feature agglomeration + SVM,56.16452016635274%, 14/19,RH,[39],"nu=0.7005, n_clusters=5"
Feature agglomeration + SVM,71.05246731003932%, 15/19,RH,[40],"nu=0.7005, n_clusters=5"
Feature agglomeration + SVM,54.1154705914629%, 13/19,RH,[41],"nu=0.7005, n_clusters=5"
Feature agglomeration + SVM,65.85850936132904%, 13/19,RH,[42],"nu=0.7005, n_clusters=5"
Feature agglomeration + SVM,51.495445140707176%, 11/19,RH,[43],"nu=0.7005, n_clusters=5"
Feature agglomeration + SVM,62.45935768244601%, 14/19,RH,[44],"nu=0.7005, n_clusters=5"
Feature agglomeration + SVM,64.83805522562717%, 12/19,RH,[45],"nu=0.7005, n_clusters=5"
Feature agglomeration + SVM,69.81270086482726%, 16/19,RH,[46],"nu=0.7005, n_clusters=5"
Feature agglomeration + SVM,61.4106846746044%, 11/19,RH,[47],"nu=0.7005, n_clusters=5"
Feature agglomeration + SVM,64.88688354621262%, 14/19,RH,[48],"nu=0.7005, n_clusters=5"
Feature agglomeration + SVM,56.47215569063796%, 12/19,RH,[49],"nu=0.7005, n_clusters=5"
Feature agglomeration + SVM,66.22169219572534%, 12/19,RH,[50],"nu=0.7005, n_clusters=5"
Feature agglomeration + SVM,62.26990019149101%, 12/19,RH,[51],"nu=0.7005, n_clusters=5"
Feature agglomeration + SVM,59.77693127859347%, 10/19,RH,[52],"nu=0.7005, n_clusters=5"
Feature agglomeration + SVM,58.303736218618894%, 10/19,RH,[53],"nu=0.7005, n_clusters=5"
Feature agglomeration + SVM,63.339377585197155%, 11/19,RH,[54],"nu=0.7005, n_clusters=5"
Feature agglomeration + SVM,61.631340083665535%, 13/19,RH,[55],"nu=0.7005, n_clusters=5"
Feature agglomeration + SVM,62.75544825010988%, 12/19,RH,[56],"nu=0.7005, n_clusters=5"
Feature agglomeration + SVM,64.34925409634337%, 14/19,RH,[57],"nu=0.7005, n_clusters=5"
Feature agglomeration + SVM,64.3643624034883%, 14/19,RH,[58],"nu=0.7005, n_clusters=5"
Feature agglomeration + SVM,65.05287526115713%, 14/19,RH,[59],"nu=0.7005, n_clusters=5"
Feature agglomeration + SVM,73.24368734837286%, 15/19,RH,[60],"nu=0.7005, n_clusters=5"
Feature agglomeration + SVM,62.3789343187783%, 14/19,RH,"[12, 0]","nu=0.7005, n_clusters=5"
Feature agglomeration + SVM,61.57192259486178%, 13/19,RH,"[12, 1]","nu=0.7005, n_clusters=5"
Feature agglomeration + SVM,69.41847891050116%, 15/19,RH,"[12, 2]","nu=0.7005, n_clusters=5"
Feature agglomeration + SVM,65.95715179492302%, 14/19,RH,"[12, 3]","nu=0.7005, n_clusters=5"
Feature agglomeration + SVM,64.03342673593335%, 12/19,RH,"[12, 4]","nu=0.7005, n_clusters=5"
Feature agglomeration + SVM,75.86149208810504%, 17/19,RH,"[12, 5]","nu=0.7005, n_clusters=5"
Feature agglomeration + SVM,70.87808427623209%, 15/19,RH,"[12, 6]","nu=0.7005, n_clusters=5"
Feature agglomeration + SVM,70.9929552434916%, 16/19,RH,"[12, 7]","nu=0.7005, n_clusters=5"
Feature agglomeration + SVM,66.39607816954457%, 12/19,RH,"[12, 8]","nu=0.7005, n_clusters=5"
Feature agglomeration + SVM,60.185223739553415%, 10/19,RH,"[12, 9]","nu=0.7005, n_clusters=5"
Feature agglomeration + SVM,64.16901593263528%, 12/19,RH,"[12, 10]","nu=0.7005, n_clusters=5"
Feature agglomeration + SVM,59.22637059304989%, 11/19,RH,"[12, 11]","nu=0.7005, n_clusters=5"
Feature agglomeration + SVM,73.82563610341228%, 15/19,RH,"[12, 12]","nu=0.7005, n_clusters=5"
Feature agglomeration + SVM,64.44590990734656%, 12/19,RH,"[12, 13]","nu=0.7005, n_clusters=5"
Feature agglomeration + SVM,73.19132962320616%, 16/19,RH,"[12, 14]","nu=0.7005, n_clusters=5"
Feature agglomeration + SVM,64.39002741065337%, 11/19,RH,"[12, 15]","nu=0.7005, n_clusters=5"
Feature agglomeration + SVM,69.14959807311082%, 15/19,RH,"[12, 16]","nu=0.7005, n_clusters=5"
Feature agglomeration + SVM,67.23620417275033%, 12/19,RH,"[12, 17]","nu=0.7005, n_clusters=5"
Feature agglomeration + SVM,67.90141948925277%, 15/19,RH,"[12, 18]","nu=0.7005, n_clusters=5"
Feature agglomeration + SVM,64.28071726598841%, 12/19,RH,"[12, 19]","nu=0.7005, n_clusters=5"
Feature agglomeration + SVM,70.27640085445572%, 14/19,RH,"[12, 20]","nu=0.7005, n_clusters=5"
Feature agglomeration + SVM,61.451217604576854%, 12/19,RH,"[12, 21]","nu=0.7005, n_clusters=5"
Feature agglomeration + SVM,72.94266219397164%, 18/19,RH,"[12, 22]","nu=0.7005, n_clusters=5"
Feature agglomeration + SVM,61.52234886763666%, 12/19,RH,"[12, 23]","nu=0.7005, n_clusters=5"
Feature agglomeration + SVM,73.13000311472346%, 17/19,RH,"[12, 24]","nu=0.7005, n_clusters=5"
Feature agglomeration + SVM,60.52106940536041%, 12/19,RH,"[12, 25]","nu=0.7005, n_clusters=5"
Feature agglomeration + SVM,60.25488902648475%, 12/19,RH,"[12, 26]","nu=0.7005, n_clusters=5"
Feature agglomeration + SVM,61.06006411918848%, 10/19,RH,"[12, 27]","nu=0.7005, n_clusters=5"
Feature agglomeration + SVM,71.23719910720561%, 13/19,RH,"[12, 28]","nu=0.7005, n_clusters=5"
Feature agglomeration + SVM,57.460391122154206%, 11/19,RH,"[12, 29]","nu=0.7005, n_clusters=5"
Feature agglomeration + SVM,73.3752696369596%, 15/19,RH,"[12, 30]","nu=0.7005, n_clusters=5"
Feature agglomeration + SVM,55.84880547465274%, 8/19,RH,"[12, 31]","nu=0.7005, n_clusters=5"
Feature agglomeration + SVM,71.66900291363596%, 16/19,RH,"[12, 32]","nu=0.7005, n_clusters=5"
Feature agglomeration + SVM,56.02864565261241%, 8/19,RH,"[12, 33]","nu=0.7005, n_clusters=5"
Feature agglomeration + SVM,68.70039805921489%, 14/19,RH,"[12, 34]","nu=0.7005, n_clusters=5"
Feature agglomeration + SVM,60.60201270568534%, 11/19,RH,"[12, 35]","nu=0.7005, n_clusters=5"
Feature agglomeration + SVM,65.55554401336174%, 12/19,RH,"[12, 36]","nu=0.7005, n_clusters=5"
Feature agglomeration + SVM,60.004268047755325%, 11/19,RH,"[12, 37]","nu=0.7005, n_clusters=5"
Feature agglomeration + SVM,69.21993344461633%, 13/19,RH,"[12, 38]","nu=0.7005, n_clusters=5"
Feature agglomeration + SVM,58.06537358487655%, 9/19,RH,"[12, 39]","nu=0.7005, n_clusters=5"
Feature agglomeration + SVM,71.36068572035607%, 16/19,RH,"[12, 40]","nu=0.7005, n_clusters=5"
Feature agglomeration + SVM,58.37012959609261%, 11/19,RH,"[12, 41]","nu=0.7005, n_clusters=5"
Feature agglomeration + SVM,67.06581181202233%, 14/19,RH,"[12, 42]","nu=0.7005, n_clusters=5"
Feature agglomeration + SVM,61.36938981366736%, 13/19,RH,"[12, 43]","nu=0.7005, n_clusters=5"
Feature agglomeration + SVM,65.08512194995299%, 15/19,RH,"[12, 44]","nu=0.7005, n_clusters=5"
Feature agglomeration + SVM,68.58933338280157%, 13/19,RH,"[12, 45]","nu=0.7005, n_clusters=5"
Feature agglomeration + SVM,71.10697458007441%, 14/19,RH,"[12, 46]","nu=0.7005, n_clusters=5"
Feature agglomeration + SVM,62.67617767455172%, 12/19,RH,"[12, 47]","nu=0.7005, n_clusters=5"
Feature agglomeration + SVM,71.30446135790808%, 15/19,RH,"[12, 48]","nu=0.7005, n_clusters=5"
Feature agglomeration + SVM,62.119108308994484%, 10/19,RH,"[12, 49]","nu=0.7005, n_clusters=5"
Feature agglomeration + SVM,68.67336069429784%, 15/19,RH,"[12, 50]","nu=0.7005, n_clusters=5"
Feature agglomeration + SVM,67.21858274960987%, 11/19,RH,"[12, 51]","nu=0.7005, n_clusters=5"
Feature agglomeration + SVM,63.99406288750947%, 12/19,RH,"[12, 52]","nu=0.7005, n_clusters=5"
Feature agglomeration + SVM,61.444195819317805%, 11/19,RH,"[12, 53]","nu=0.7005, n_clusters=5"
Feature agglomeration + SVM,65.35926841088342%, 12/19,RH,"[12, 54]","nu=0.7005, n_clusters=5"
Feature agglomeration + SVM,62.29053596828673%, 13/19,RH,"[12, 55]","nu=0.7005, n_clusters=5"
Feature agglomeration + SVM,64.81879165985998%, 12/19,RH,"[12, 56]","nu=0.7005, n_clusters=5"
Feature agglomeration + SVM,65.57505985852772%, 14/19,RH,"[12, 57]","nu=0.7005, n_clusters=5"
Feature agglomeration + SVM,64.87229536331604%, 13/19,RH,"[12, 58]","nu=0.7005, n_clusters=5"
Feature agglomeration + SVM,66.17131523046652%, 14/19,RH,"[12, 59]","nu=0.7005, n_clusters=5"
Feature agglomeration + SVM,67.28774503990665%, 14/19,RH,"[12, 60]","nu=0.7005, n_clusters=5"
Feature agglomeration + SVM,64.70729911681028%, 12/19,RH,"[5, 12, 0]","nu=0.7005, n_clusters=5"
Feature agglomeration + SVM,65.39330166650554%, 12/19,RH,"[5, 12, 1]","nu=0.7005, n_clusters=5"
Feature agglomeration + SVM,63.409573756178894%, 11/19,RH,"[5, 12, 2]","nu=0.7005, n_clusters=5"
Feature agglomeration + SVM,69.36504927823923%, 16/19,RH,"[5, 12, 3]","nu=0.7005, n_clusters=5"
Feature agglomeration + SVM,65.36383608654069%, 13/19,RH,"[5, 12, 4]","nu=0.7005, n_clusters=5"
Feature agglomeration + SVM,75.48968777144557%, 17/19,RH,"[5, 12, 5]","nu=0.7005, n_clusters=5"
Feature agglomeration + SVM,71.46770266886753%, 16/19,RH,"[5, 12, 6]","nu=0.7005, n_clusters=5"
Feature agglomeration + SVM,69.0242240050769%, 14/19,RH,"[5, 12, 7]","nu=0.7005, n_clusters=5"
Feature agglomeration + SVM,67.69984445991896%, 15/19,RH,"[5, 12, 8]","nu=0.7005, n_clusters=5"
Feature agglomeration + SVM,61.37700924199439%, 12/19,RH,"[5, 12, 9]","nu=0.7005, n_clusters=5"
Feature agglomeration + SVM,65.00887198367128%, 13/19,RH,"[5, 12, 10]","nu=0.7005, n_clusters=5"
Feature agglomeration + SVM,61.41425602404631%, 12/19,RH,"[5, 12, 11]","nu=0.7005, n_clusters=5"
Feature agglomeration + SVM,73.50861244899026%, 16/19,RH,"[5, 12, 12]","nu=0.7005, n_clusters=5"
Feature agglomeration + SVM,66.98716935116744%, 13/19,RH,"[5, 12, 13]","nu=0.7005, n_clusters=5"
Feature agglomeration + SVM,73.5716533440387%, 16/19,RH,"[5, 12, 14]","nu=0.7005, n_clusters=5"
Feature agglomeration + SVM,69.46583729587253%, 13/19,RH,"[5, 12, 15]","nu=0.7005, n_clusters=5"
Feature agglomeration + SVM,70.16347405760357%, 16/19,RH,"[5, 12, 16]","nu=0.7005, n_clusters=5"
Feature agglomeration + SVM,70.26620423446869%, 15/19,RH,"[5, 12, 17]","nu=0.7005, n_clusters=5"
Feature agglomeration + SVM,68.01772367640415%, 15/19,RH,"[5, 12, 18]","nu=0.7005, n_clusters=5"
Feature agglomeration + SVM,66.91560474597148%, 13/19,RH,"[5, 12, 19]","nu=0.7005, n_clusters=5"
Feature agglomeration + SVM,71.09988903168325%, 14/19,RH,"[5, 12, 20]","nu=0.7005, n_clusters=5"
Feature agglomeration + SVM,68.18790363228699%, 13/19,RH,"[5, 12, 21]","nu=0.7005, n_clusters=5"
Feature agglomeration + SVM,70.1072559505687%, 14/19,RH,"[5, 12, 22]","nu=0.7005, n_clusters=5"
Feature agglomeration + SVM,66.34890768596465%, 15/19,RH,"[5, 12, 23]","nu=0.7005, n_clusters=5"
Feature agglomeration + SVM,73.66980132104611%, 16/19,RH,"[5, 12, 24]","nu=0.7005, n_clusters=5"
Feature agglomeration + SVM,65.1446251990009%, 15/19,RH,"[5, 12, 25]","nu=0.7005, n_clusters=5"
Feature agglomeration + SVM,63.301159696734075%, 13/19,RH,"[5, 12, 26]","nu=0.7005, n_clusters=5"
Feature agglomeration + SVM,61.78640421884198%, 10/19,RH,"[5, 12, 27]","nu=0.7005, n_clusters=5"
Feature agglomeration + SVM,71.79681602833658%, 15/19,RH,"[5, 12, 28]","nu=0.7005, n_clusters=5"
Feature agglomeration + SVM,59.94424577427685%, 11/19,RH,"[5, 12, 29]","nu=0.7005, n_clusters=5"
Feature agglomeration + SVM,73.43825825262144%, 15/19,RH,"[5, 12, 30]","nu=0.7005, n_clusters=5"
Feature agglomeration + SVM,57.13038622527369%, 9/19,RH,"[5, 12, 31]","nu=0.7005, n_clusters=5"
Feature agglomeration + SVM,72.39888212710697%, 16/19,RH,"[5, 12, 32]","nu=0.7005, n_clusters=5"
Feature agglomeration + SVM,59.5650433623391%, 10/19,RH,"[5, 12, 33]","nu=0.7005, n_clusters=5"
Feature agglomeration + SVM,69.90671204221806%, 16/19,RH,"[5, 12, 34]","nu=0.7005, n_clusters=5"
Feature agglomeration + SVM,61.75912735955279%, 11/19,RH,"[5, 12, 35]","nu=0.7005, n_clusters=5"
Feature agglomeration + SVM,65.86366376757258%, 12/19,RH,"[5, 12, 36]","nu=0.7005, n_clusters=5"
Feature agglomeration + SVM,61.95684959765219%, 12/19,RH,"[5, 12, 37]","nu=0.7005, n_clusters=5"
Feature agglomeration + SVM,70.18744412016066%, 15/19,RH,"[5, 12, 38]","nu=0.7005, n_clusters=5"
Feature agglomeration + SVM,60.170898962009055%, 10/19,RH,"[5, 12, 39]","nu=0.7005, n_clusters=5"
Feature agglomeration + SVM,73.32627830368%, 16/19,RH,"[5, 12, 40]","nu=0.7005, n_clusters=5"
Feature agglomeration + SVM,59.0041602195612%, 11/19,RH,"[5, 12, 41]","nu=0.7005, n_clusters=5"
Feature agglomeration + SVM,67.22620593421425%, 15/19,RH,"[5, 12, 42]","nu=0.7005, n_clusters=5"
Feature agglomeration + SVM,60.8376128181801%, 10/19,RH,"[5, 12, 43]","nu=0.7005, n_clusters=5"
Feature agglomeration + SVM,66.38039099445481%, 16/19,RH,"[5, 12, 44]","nu=0.7005, n_clusters=5"
Feature agglomeration + SVM,69.3406776131316%, 15/19,RH,"[5, 12, 45]","nu=0.7005, n_clusters=5"
Feature agglomeration + SVM,73.4086256593186%, 16/19,RH,"[5, 12, 46]","nu=0.7005, n_clusters=5"
Feature agglomeration + SVM,63.4653538449547%, 12/19,RH,"[5, 12, 47]","nu=0.7005, n_clusters=5"
Feature agglomeration + SVM,71.32472706693909%, 16/19,RH,"[5, 12, 48]","nu=0.7005, n_clusters=5"
Feature agglomeration + SVM,62.75659319509435%, 12/19,RH,"[5, 12, 49]","nu=0.7005, n_clusters=5"
Feature agglomeration + SVM,70.53463061927076%, 16/19,RH,"[5, 12, 50]","nu=0.7005, n_clusters=5"
Feature agglomeration + SVM,67.68885477097321%, 13/19,RH,"[5, 12, 51]","nu=0.7005, n_clusters=5"
Feature agglomeration + SVM,65.92994310104883%, 12/19,RH,"[5, 12, 52]","nu=0.7005, n_clusters=5"
Feature agglomeration + SVM,65.15618288094544%, 12/19,RH,"[5, 12, 53]","nu=0.7005, n_clusters=5"
Feature agglomeration + SVM,66.06394326368887%, 12/19,RH,"[5, 12, 54]","nu=0.7005, n_clusters=5"
Feature agglomeration + SVM,62.16513301485297%, 12/19,RH,"[5, 12, 55]","nu=0.7005, n_clusters=5"
Feature agglomeration + SVM,65.95987673536418%, 12/19,RH,"[5, 12, 56]","nu=0.7005, n_clusters=5"
Feature agglomeration + SVM,66.0320525252378%, 13/19,RH,"[5, 12, 57]","nu=0.7005, n_clusters=5"
Feature agglomeration + SVM,65.74417864740441%, 14/19,RH,"[5, 12, 58]","nu=0.7005, n_clusters=5"
Feature agglomeration + SVM,66.85505035128686%, 13/19,RH,"[5, 12, 59]","nu=0.7005, n_clusters=5"
Feature agglomeration + SVM,70.45619013994155%, 14/19,RH,"[5, 12, 60]","nu=0.7005, n_clusters=5"
Feature agglomeration + SVM,44.38778131211311%, 9/19,RH,60,"nu=0.1, n_clusters=5"
Feature agglomeration + SVM,47.72294504221753%, 8/19,RH,60,"nu=0.11, n_clusters=5"
Feature agglomeration + SVM,49.35973548189785%, 10/19,RH,60,"nu=0.12, n_clusters=5"
Feature agglomeration + SVM,46.18485361800427%, 5/19,RH,60,"nu=0.13, n_clusters=5"
Feature agglomeration + SVM,43.55920056876158%, 7/19,RH,60,"nu=0.13999999999999999, n_clusters=5"
Feature agglomeration + SVM,46.09556281468619%, 9/19,RH,60,"nu=0.14999999999999997, n_clusters=5"
Feature agglomeration + SVM,53.8805601715188%, 11/19,RH,60,"nu=0.15999999999999998, n_clusters=5"
Feature agglomeration + SVM,50.682627799826996%, 8/19,RH,60,"nu=0.16999999999999998, n_clusters=5"
Feature agglomeration + SVM,40.04989138050923%, 8/19,RH,60,"nu=0.17999999999999997, n_clusters=5"
Feature agglomeration + SVM,38.27513702141596%, 7/19,RH,60,"nu=0.18999999999999995, n_clusters=5"
Feature agglomeration + SVM,48.5138900137639%, 10/19,RH,60,"nu=0.19999999999999996, n_clusters=5"
Feature agglomeration + SVM,52.48765912078818%, 9/19,RH,60,"nu=0.20999999999999996, n_clusters=5"
Feature agglomeration + SVM,51.37825905628832%, 10/19,RH,60,"nu=0.21999999999999995, n_clusters=5"
Feature agglomeration + SVM,37.869196629981595%, 7/19,RH,60,"nu=0.22999999999999995, n_clusters=5"
Feature agglomeration + SVM,47.651061018748294%, 10/19,RH,60,"nu=0.23999999999999994, n_clusters=5"
Feature agglomeration + SVM,60.98063022170368%, 11/19,RH,60,"nu=0.24999999999999992, n_clusters=5"
Feature agglomeration + SVM,55.93323897820876%, 10/19,RH,60,"nu=0.2599999999999999, n_clusters=5"
Feature agglomeration + SVM,54.72579462260319%, 10/19,RH,60,"nu=0.2699999999999999, n_clusters=5"
Feature agglomeration + SVM,53.19087354025838%, 9/19,RH,60,"nu=0.2799999999999999, n_clusters=5"
Feature agglomeration + SVM,47.47576940755806%, 8/19,RH,60,"nu=0.2899999999999999, n_clusters=5"
Feature agglomeration + SVM,52.25966511423091%, 9/19,RH,60,"nu=0.29999999999999993, n_clusters=5"
Feature agglomeration + SVM,55.32242917125569%, 9/19,RH,60,"nu=0.30999999999999994, n_clusters=5"
Feature agglomeration + SVM,53.677317641319064%, 11/19,RH,60,"nu=0.3199999999999999, n_clusters=5"
Feature agglomeration + SVM,51.401028998111876%, 10/19,RH,60,"nu=0.32999999999999985, n_clusters=5"
Feature agglomeration + SVM,57.4897197238733%, 10/19,RH,60,"nu=0.33999999999999986, n_clusters=5"
Feature agglomeration + SVM,56.08545820743062%, 10/19,RH,60,"nu=0.34999999999999987, n_clusters=5"
Feature agglomeration + SVM,56.983512657618995%, 11/19,RH,60,"nu=0.3599999999999999, n_clusters=5"
Feature agglomeration + SVM,54.18768380147313%, 11/19,RH,60,"nu=0.3699999999999999, n_clusters=5"
Feature agglomeration + SVM,52.46434499172699%, 9/19,RH,60,"nu=0.3799999999999999, n_clusters=5"
Feature agglomeration + SVM,59.46426129139961%, 12/19,RH,60,"nu=0.3899999999999999, n_clusters=5"
Feature agglomeration + SVM,48.924609946340574%, 10/19,RH,60,"nu=0.3999999999999998, n_clusters=5"
Feature agglomeration + SVM,54.48024971300558%, 11/19,RH,60,"nu=0.4099999999999998, n_clusters=5"
Feature agglomeration + SVM,56.00335936113679%, 9/19,RH,60,"nu=0.4199999999999998, n_clusters=5"
Feature agglomeration + SVM,51.72329987577372%, 11/19,RH,60,"nu=0.4299999999999998, n_clusters=5"
Feature agglomeration + SVM,47.73824477078321%, 7/19,RH,60,"nu=0.43999999999999984, n_clusters=5"
Feature agglomeration + SVM,49.54576435185468%, 10/19,RH,60,"nu=0.44999999999999984, n_clusters=5"
Feature agglomeration + SVM,52.25449923387241%, 9/19,RH,60,"nu=0.45999999999999985, n_clusters=5"
Feature agglomeration + SVM,55.32511147183739%, 11/19,RH,60,"nu=0.46999999999999986, n_clusters=5"
Feature agglomeration + SVM,49.15485483501303%, 10/19,RH,60,"nu=0.47999999999999976, n_clusters=5"
Feature agglomeration + SVM,46.22557064340354%, 9/19,RH,60,"nu=0.48999999999999977, n_clusters=5"
Feature agglomeration + SVM,59.44935230692524%, 12/19,RH,60,"nu=0.4999999999999998, n_clusters=5"
Feature agglomeration + SVM,53.09981628801124%, 10/19,RH,60,"nu=0.5099999999999998, n_clusters=5"
Feature agglomeration + SVM,56.68358416630615%, 10/19,RH,60,"nu=0.5199999999999998, n_clusters=5"
Feature agglomeration + SVM,51.51487748878619%, 10/19,RH,60,"nu=0.5299999999999998, n_clusters=5"
Feature agglomeration + SVM,50.91809963316146%, 9/19,RH,60,"nu=0.5399999999999998, n_clusters=5"
Feature agglomeration + SVM,37.938869792531584%, 5/19,RH,60,"nu=0.5499999999999998, n_clusters=5"
Feature agglomeration + SVM,44.87948675795354%, 6/19,RH,60,"nu=0.5599999999999997, n_clusters=5"
Feature agglomeration + SVM,42.99401326441553%, 7/19,RH,60,"nu=0.5699999999999997, n_clusters=5"
Feature agglomeration + SVM,47.10937074081268%, 9/19,RH,60,"nu=0.5799999999999997, n_clusters=5"
Feature agglomeration + SVM,43.371772503104154%, 6/19,RH,60,"nu=0.5899999999999997, n_clusters=5"
Feature agglomeration + SVM,59.93391465749682%, 12/19,RH,60,"nu=0.5999999999999998, n_clusters=5"
Feature agglomeration + SVM,62.92285701857867%, 11/19,RH,60,"nu=0.6099999999999998, n_clusters=5"
Feature agglomeration + SVM,51.64253206472726%, 11/19,RH,60,"nu=0.6199999999999998, n_clusters=5"
Feature agglomeration + SVM,52.73466483403107%, 8/19,RH,60,"nu=0.6299999999999997, n_clusters=5"
Feature agglomeration + SVM,45.95230231898258%, 7/19,RH,60,"nu=0.6399999999999997, n_clusters=5"
Feature agglomeration + SVM,49.91197198354982%, 10/19,RH,60,"nu=0.6499999999999997, n_clusters=5"
Feature agglomeration + SVM,58.47368288763457%, 13/19,RH,60,"nu=0.6599999999999997, n_clusters=5"
Feature agglomeration + SVM,61.94286537059401%, 12/19,RH,60,"nu=0.6699999999999997, n_clusters=5"
Feature agglomeration + SVM,55.48639646293134%, 11/19,RH,60,"nu=0.6799999999999997, n_clusters=5"
Feature agglomeration + SVM,66.94155592430931%, 14/19,RH,60,"nu=0.6899999999999997, n_clusters=5"
Feature agglomeration + SVM,68.05901727247233%, 15/19,RH,60,"nu=0.6999999999999996, n_clusters=5"
Feature agglomeration + SVM,49.154732631300625%, 10/19,RH,60,"nu=0.7099999999999996, n_clusters=5"
Feature agglomeration + SVM,63.79438932602282%, 16/19,RH,60,"nu=0.7199999999999996, n_clusters=5"
Feature agglomeration + SVM,45.42061527372715%, 6/19,RH,60,"nu=0.7299999999999996, n_clusters=5"
Feature agglomeration + SVM,60.65971071164364%, 13/19,RH,60,"nu=0.7399999999999997, n_clusters=5"
Feature agglomeration + SVM,55.940731639725904%, 12/19,RH,60,"nu=0.7499999999999997, n_clusters=5"
Feature agglomeration + SVM,56.428155582015094%, 14/19,RH,60,"nu=0.7599999999999997, n_clusters=5"
Feature agglomeration + SVM,49.5061452458977%, 11/19,RH,60,"nu=0.7699999999999997, n_clusters=5"
Feature agglomeration + SVM,45.302990165030856%, 7/19,RH,60,"nu=0.7799999999999997, n_clusters=5"
Feature agglomeration + SVM,48.75272112406137%, 6/19,RH,60,"nu=0.7899999999999996, n_clusters=5"
Feature agglomeration + SVM,59.93391465749682%, 12/19,RH,60,"nu=0.6, n_clusters=5"
Feature agglomeration + SVM,54.85954102079209%, 10/19,RH,60,"nu=0.601, n_clusters=5"
Feature agglomeration + SVM,48.37184605736082%, 10/19,RH,60,"nu=0.602, n_clusters=5"
Feature agglomeration + SVM,53.83931756471764%, 11/19,RH,60,"nu=0.603, n_clusters=5"
Feature agglomeration + SVM,54.58233016758117%, 11/19,RH,60,"nu=0.604, n_clusters=5"
Feature agglomeration + SVM,50.15849164090983%, 10/19,RH,60,"nu=0.605, n_clusters=5"
Feature agglomeration + SVM,54.08070973745426%, 13/19,RH,60,"nu=0.606, n_clusters=5"
Feature agglomeration + SVM,57.48415413125719%, 13/19,RH,60,"nu=0.607, n_clusters=5"
Feature agglomeration + SVM,55.62758894413346%, 11/19,RH,60,"nu=0.608, n_clusters=5"
Feature agglomeration + SVM,51.612318560798776%, 10/19,RH,60,"nu=0.609, n_clusters=5"
Feature agglomeration + SVM,62.92285701857867%, 11/19,RH,60,"nu=0.61, n_clusters=5"
Feature agglomeration + SVM,52.58681093216491%, 9/19,RH,60,"nu=0.611, n_clusters=5"
Feature agglomeration + SVM,56.51183370365188%, 10/19,RH,60,"nu=0.612, n_clusters=5"
Feature agglomeration + SVM,54.995798572540345%, 11/19,RH,60,"nu=0.613, n_clusters=5"
Feature agglomeration + SVM,50.61341862828373%, 11/19,RH,60,"nu=0.614, n_clusters=5"
Feature agglomeration + SVM,59.00427258124111%, 13/19,RH,60,"nu=0.615, n_clusters=5"
Feature agglomeration + SVM,58.158487274951554%, 13/19,RH,60,"nu=0.616, n_clusters=5"
Feature agglomeration + SVM,52.21358709170444%, 11/19,RH,60,"nu=0.617, n_clusters=5"
Feature agglomeration + SVM,58.35976346480357%, 12/19,RH,60,"nu=0.618, n_clusters=5"
Feature agglomeration + SVM,54.35796245119876%, 12/19,RH,60,"nu=0.619, n_clusters=5"
Feature agglomeration + SVM,51.64253206472726%, 11/19,RH,60,"nu=0.62, n_clusters=5"
Feature agglomeration + SVM,53.67178092834688%, 11/19,RH,60,"nu=0.621, n_clusters=5"
Feature agglomeration + SVM,51.28043591265331%, 11/19,RH,60,"nu=0.622, n_clusters=5"
Feature agglomeration + SVM,52.16226434873717%, 8/19,RH,60,"nu=0.623, n_clusters=5"
Feature agglomeration + SVM,53.36909540264333%, 10/19,RH,60,"nu=0.624, n_clusters=5"
Feature agglomeration + SVM,51.18635112103406%, 10/19,RH,60,"nu=0.625, n_clusters=5"
Feature agglomeration + SVM,53.943673180837735%, 11/19,RH,60,"nu=0.626, n_clusters=5"
Feature agglomeration + SVM,54.74807463800955%, 9/19,RH,60,"nu=0.627, n_clusters=5"
Feature agglomeration + SVM,52.912549988709465%, 9/19,RH,60,"nu=0.628, n_clusters=5"
Feature agglomeration + SVM,50.05255136918145%, 7/19,RH,60,"nu=0.629, n_clusters=5"
Feature agglomeration + SVM,52.73466483403107%, 8/19,RH,60,"nu=0.63, n_clusters=5"
Feature agglomeration + SVM,53.740608514679636%, 11/19,RH,60,"nu=0.631, n_clusters=5"
Feature agglomeration + SVM,53.60836989132154%, 11/19,RH,60,"nu=0.632, n_clusters=5"
Feature agglomeration + SVM,51.47074142389654%, 11/19,RH,60,"nu=0.633, n_clusters=5"
Feature agglomeration + SVM,54.31267290832196%, 11/19,RH,60,"nu=0.634, n_clusters=5"
Feature agglomeration + SVM,53.98119592860603%, 11/19,RH,60,"nu=0.635, n_clusters=5"
Feature agglomeration + SVM,47.41434409876519%, 8/19,RH,60,"nu=0.636, n_clusters=5"
Feature agglomeration + SVM,43.01862420063031%, 6/19,RH,60,"nu=0.637, n_clusters=5"
Feature agglomeration + SVM,49.79190739576982%, 9/19,RH,60,"nu=0.638, n_clusters=5"
Feature agglomeration + SVM,55.61910790451839%, 10/19,RH,60,"nu=0.639, n_clusters=5"
Feature agglomeration + SVM,45.95230231898258%, 7/19,RH,60,"nu=0.64, n_clusters=5"
Feature agglomeration + SVM,46.63041236843449%, 7/19,RH,60,"nu=0.641, n_clusters=5"
Feature agglomeration + SVM,54.43356439007459%, 8/19,RH,60,"nu=0.642, n_clusters=5"
Feature agglomeration + SVM,46.797778908498564%, 9/19,RH,60,"nu=0.643, n_clusters=5"
Feature agglomeration + SVM,44.402693050617806%, 8/19,RH,60,"nu=0.644, n_clusters=5"
Feature agglomeration + SVM,55.03673335358039%, 12/19,RH,60,"nu=0.645, n_clusters=5"
Feature agglomeration + SVM,54.0898546023178%, 11/19,RH,60,"nu=0.646, n_clusters=5"
Feature agglomeration + SVM,41.50779055886227%, 8/19,RH,60,"nu=0.647, n_clusters=5"
Feature agglomeration + SVM,34.64961561793193%, 7/19,RH,60,"nu=0.648, n_clusters=5"
Feature agglomeration + SVM,43.42345295620653%, 7/19,RH,60,"nu=0.649, n_clusters=5"
Feature agglomeration + SVM,49.91197198354982%, 10/19,RH,60,"nu=0.65, n_clusters=5"
Feature agglomeration + SVM,47.005218700381555%, 9/19,RH,60,"nu=0.651, n_clusters=5"
Feature agglomeration + SVM,60.60782260844753%, 11/19,RH,60,"nu=0.652, n_clusters=5"
Feature agglomeration + SVM,50.53571914046516%, 8/19,RH,60,"nu=0.653, n_clusters=5"
Feature agglomeration + SVM,47.92497642751551%, 9/19,RH,60,"nu=0.654, n_clusters=5"
Feature agglomeration + SVM,48.419674363180015%, 9/19,RH,60,"nu=0.655, n_clusters=5"
Feature agglomeration + SVM,55.72952662942383%, 11/19,RH,60,"nu=0.656, n_clusters=5"
Feature agglomeration + SVM,52.16243651899715%, 11/19,RH,60,"nu=0.657, n_clusters=5"
Feature agglomeration + SVM,45.47396671248065%, 9/19,RH,60,"nu=0.658, n_clusters=5"
Feature agglomeration + SVM,53.12918366446414%, 12/19,RH,60,"nu=0.659, n_clusters=5"
Feature agglomeration + SVM,58.47368288763457%, 13/19,RH,60,"nu=0.66, n_clusters=5"
Feature agglomeration + SVM,56.247905621239056%, 12/19,RH,60,"nu=0.661, n_clusters=5"
Feature agglomeration + SVM,69.50044559673772%, 16/19,RH,60,"nu=0.662, n_clusters=5"
Feature agglomeration + SVM,70.88100282408068%, 14/19,RH,60,"nu=0.663, n_clusters=5"
Feature agglomeration + SVM,59.12347219577674%, 11/19,RH,60,"nu=0.664, n_clusters=5"
Feature agglomeration + SVM,62.755299034562626%, 11/19,RH,60,"nu=0.665, n_clusters=5"
Feature agglomeration + SVM,56.226590670275456%, 10/19,RH,60,"nu=0.666, n_clusters=5"
Feature agglomeration + SVM,49.80763824406352%, 10/19,RH,60,"nu=0.667, n_clusters=5"
Feature agglomeration + SVM,63.83135933257699%, 14/19,RH,60,"nu=0.668, n_clusters=5"
Feature agglomeration + SVM,72.07207637774752%, 15/19,RH,60,"nu=0.669, n_clusters=5"
Feature agglomeration + SVM,61.94286537059401%, 12/19,RH,60,"nu=0.67, n_clusters=5"
Feature agglomeration + SVM,56.74186430048964%, 10/19,RH,60,"nu=0.671, n_clusters=5"
Feature agglomeration + SVM,64.19671940521724%, 14/19,RH,60,"nu=0.672, n_clusters=5"
Feature agglomeration + SVM,59.94010622663289%, 12/19,RH,60,"nu=0.673, n_clusters=5"
Feature agglomeration + SVM,60.25392147316468%, 11/19,RH,60,"nu=0.674, n_clusters=5"
Feature agglomeration + SVM,60.98511366053771%, 11/19,RH,60,"nu=0.675, n_clusters=5"
Feature agglomeration + SVM,61.49411537118077%, 12/19,RH,60,"nu=0.676, n_clusters=5"
Feature agglomeration + SVM,61.52968883277672%, 12/19,RH,60,"nu=0.677, n_clusters=5"
Feature agglomeration + SVM,60.14150408168678%, 12/19,RH,60,"nu=0.678, n_clusters=5"
Feature agglomeration + SVM,61.60777020432271%, 14/19,RH,60,"nu=0.679, n_clusters=5"
Feature agglomeration + SVM,55.48639646293134%, 11/19,RH,60,"nu=0.68, n_clusters=5"
Feature agglomeration + SVM,59.483558737655486%, 13/19,RH,60,"nu=0.681, n_clusters=5"
Feature agglomeration + SVM,59.19117586677898%, 12/19,RH,60,"nu=0.682, n_clusters=5"
Feature agglomeration + SVM,62.46032763672819%, 13/19,RH,60,"nu=0.683, n_clusters=5"
Feature agglomeration + SVM,56.0602142149441%, 12/19,RH,60,"nu=0.684, n_clusters=5"
Feature agglomeration + SVM,56.71655235577596%, 11/19,RH,60,"nu=0.685, n_clusters=5"
Feature agglomeration + SVM,63.35141706502414%, 14/19,RH,60,"nu=0.686, n_clusters=5"
Feature agglomeration + SVM,65.6510522988334%, 15/19,RH,60,"nu=0.687, n_clusters=5"
Feature agglomeration + SVM,62.47561812950494%, 13/19,RH,60,"nu=0.6880000000000001, n_clusters=5"
Feature agglomeration + SVM,70.16604677516442%, 16/19,RH,60,"nu=0.6890000000000001, n_clusters=5"
Feature agglomeration + SVM,66.94155592430931%, 14/19,RH,60,"nu=0.6900000000000001, n_clusters=5"
Feature agglomeration + SVM,57.27261291509832%, 12/19,RH,60,"nu=0.6910000000000001, n_clusters=5"
Feature agglomeration + SVM,57.18813242900917%, 14/19,RH,60,"nu=0.6920000000000001, n_clusters=5"
Feature agglomeration + SVM,67.19999738282083%, 17/19,RH,60,"nu=0.6930000000000001, n_clusters=5"
Feature agglomeration + SVM,72.25834739147453%, 17/19,RH,60,"nu=0.6940000000000001, n_clusters=5"
Feature agglomeration + SVM,70.70589738545397%, 16/19,RH,60,"nu=0.6950000000000001, n_clusters=5"
Feature agglomeration + SVM,64.49929343108735%, 15/19,RH,60,"nu=0.6960000000000001, n_clusters=5"
Feature agglomeration + SVM,63.24610055419709%, 14/19,RH,60,"nu=0.6970000000000001, n_clusters=5"
Feature agglomeration + SVM,63.413676801745375%, 14/19,RH,60,"nu=0.6980000000000001, n_clusters=5"
Feature agglomeration + SVM,63.27734848449914%, 15/19,RH,60,"nu=0.6990000000000001, n_clusters=5"
Feature agglomeration + SVM,68.05901727247233%, 15/19,RH,60,"nu=0.7000000000000001, n_clusters=5"
Feature agglomeration + SVM,76.4230548712745%, 17/19,RH,60,"nu=0.7010000000000001, n_clusters=5"
Feature agglomeration + SVM,62.98937020838743%, 14/19,RH,60,"nu=0.7020000000000001, n_clusters=5"
Feature agglomeration + SVM,50.33139819416337%, 11/19,RH,60,"nu=0.7030000000000001, n_clusters=5"
Feature agglomeration + SVM,51.68206108825943%, 11/19,RH,60,"nu=0.7040000000000001, n_clusters=5"
Feature agglomeration + SVM,48.454821168080834%, 10/19,RH,60,"nu=0.7050000000000001, n_clusters=5"
Feature agglomeration + SVM,53.59797587772251%, 13/19,RH,60,"nu=0.7060000000000001, n_clusters=5"
Feature agglomeration + SVM,67.78695958305494%, 16/19,RH,60,"nu=0.7070000000000001, n_clusters=5"
Feature agglomeration + SVM,56.329410836282854%, 12/19,RH,60,"nu=0.7080000000000001, n_clusters=5"
Feature agglomeration + SVM,54.15087241007272%, 12/19,RH,60,"nu=0.7090000000000001, n_clusters=5"
Feature agglomeration + SVM,49.154732631300625%, 10/19,RH,60,"nu=0.7100000000000001, n_clusters=5"
Feature agglomeration + SVM,42.18887237662338%, 8/19,RH,60,"nu=0.7110000000000001, n_clusters=5"
Feature agglomeration + SVM,48.41342010219281%, 10/19,RH,60,"nu=0.7120000000000001, n_clusters=5"
Feature agglomeration + SVM,52.81630097222391%, 11/19,RH,60,"nu=0.7130000000000001, n_clusters=5"
Feature agglomeration + SVM,52.06592593587137%, 11/19,RH,60,"nu=0.7140000000000001, n_clusters=5"
Feature agglomeration + SVM,51.97980357574203%, 10/19,RH,60,"nu=0.7150000000000001, n_clusters=5"
Feature agglomeration + SVM,54.66334677307177%, 13/19,RH,60,"nu=0.7160000000000001, n_clusters=5"
Feature agglomeration + SVM,52.88296617158124%, 12/19,RH,60,"nu=0.7170000000000001, n_clusters=5"
Feature agglomeration + SVM,52.288959880884974%, 11/19,RH,60,"nu=0.7180000000000001, n_clusters=5"
Feature agglomeration + SVM,57.07365509718109%, 14/19,RH,60,"nu=0.7190000000000001, n_clusters=5"
Feature agglomeration + SVM,63.79438932602282%, 16/19,RH,60,"nu=0.7200000000000001, n_clusters=5"
Feature agglomeration + SVM,55.713645374981155%, 14/19,RH,60,"nu=0.7210000000000001, n_clusters=5"
Feature agglomeration + SVM,50.14634914374629%, 13/19,RH,60,"nu=0.7220000000000001, n_clusters=5"
Feature agglomeration + SVM,44.968774239840286%, 9/19,RH,60,"nu=0.7230000000000001, n_clusters=5"
Feature agglomeration + SVM,44.38634759914638%, 10/19,RH,60,"nu=0.7240000000000001, n_clusters=5"
Feature agglomeration + SVM,46.55824671298196%, 8/19,RH,60,"nu=0.7250000000000001, n_clusters=5"
Feature agglomeration + SVM,51.35343366974424%, 11/19,RH,60,"nu=0.7260000000000001, n_clusters=5"
Feature agglomeration + SVM,53.21965142615236%, 11/19,RH,60,"nu=0.7270000000000001, n_clusters=5"
Feature agglomeration + SVM,58.03499670721786%, 13/19,RH,60,"nu=0.7280000000000001, n_clusters=5"
Feature agglomeration + SVM,52.519540548206436%, 11/19,RH,60,"nu=0.7290000000000001, n_clusters=5"
Feature agglomeration + SVM,45.42061527372715%, 6/19,RH,60,"nu=0.7300000000000001, n_clusters=5"
Feature agglomeration + SVM,47.378711736460936%, 8/19,RH,60,"nu=0.7310000000000001, n_clusters=5"
Feature agglomeration + SVM,45.06309846676545%, 8/19,RH,60,"nu=0.7320000000000001, n_clusters=5"
Feature agglomeration + SVM,41.940310736993844%, 6/19,RH,60,"nu=0.7330000000000001, n_clusters=5"
Feature agglomeration + SVM,43.98320417140006%, 6/19,RH,60,"nu=0.7340000000000001, n_clusters=5"
Feature agglomeration + SVM,51.40155657567856%, 10/19,RH,60,"nu=0.7350000000000001, n_clusters=5"
Feature agglomeration + SVM,51.88297359966836%, 11/19,RH,60,"nu=0.7360000000000001, n_clusters=5"
Feature agglomeration + SVM,54.68944837475354%, 13/19,RH,60,"nu=0.7370000000000001, n_clusters=5"
Feature agglomeration + SVM,60.57284247838869%, 13/19,RH,60,"nu=0.7380000000000001, n_clusters=5"
Feature agglomeration + SVM,64.38689384746596%, 14/19,RH,60,"nu=0.7390000000000001, n_clusters=5"
Feature agglomeration + SVM,60.65971071164364%, 13/19,RH,60,"nu=0.7400000000000001, n_clusters=5"
Feature agglomeration + SVM,57.63009192412899%, 13/19,RH,60,"nu=0.7410000000000001, n_clusters=5"
Feature agglomeration + SVM,61.180805127209666%, 15/19,RH,60,"nu=0.7420000000000001, n_clusters=5"
Feature agglomeration + SVM,62.15707319296925%, 17/19,RH,60,"nu=0.7430000000000001, n_clusters=5"
Feature agglomeration + SVM,54.06475541713787%, 14/19,RH,60,"nu=0.7440000000000001, n_clusters=5"
Feature agglomeration + SVM,52.02452735928637%, 11/19,RH,60,"nu=0.7450000000000001, n_clusters=5"
Feature agglomeration + SVM,52.29268610696452%, 10/19,RH,60,"nu=0.7460000000000001, n_clusters=5"
Feature agglomeration + SVM,53.892418762504334%, 12/19,RH,60,"nu=0.7470000000000001, n_clusters=5"
Feature agglomeration + SVM,59.231319188811014%, 13/19,RH,60,"nu=0.7480000000000001, n_clusters=5"
Feature agglomeration + SVM,65.51612007039992%, 15/19,RH,60,"nu=0.7490000000000001, n_clusters=5"
Feature agglomeration + SVM,54.69359585410033%, 12/19,RH,60,"nu=0.7500000000000001, n_clusters=5"
Feature agglomeration + SVM,50.62858104708252%, 11/19,RH,60,"nu=0.7510000000000001, n_clusters=5"
Feature agglomeration + SVM,55.83678782750848%, 10/19,RH,60,"nu=0.7520000000000001, n_clusters=5"
Feature agglomeration + SVM,58.77428928386812%, 9/19,RH,60,"nu=0.7530000000000001, n_clusters=5"
Feature agglomeration + SVM,50.96114079640435%, 7/19,RH,60,"nu=0.7540000000000001, n_clusters=5"
Feature agglomeration + SVM,50.45290596582767%, 9/19,RH,60,"nu=0.7550000000000001, n_clusters=5"
Feature agglomeration + SVM,53.45348785337739%, 14/19,RH,60,"nu=0.7560000000000001, n_clusters=5"
Feature agglomeration + SVM,54.1219134598193%, 13/19,RH,60,"nu=0.7570000000000001, n_clusters=5"
Feature agglomeration + SVM,48.131482179296256%, 10/19,RH,60,"nu=0.7580000000000001, n_clusters=5"
Feature agglomeration + SVM,51.84509764210596%, 11/19,RH,60,"nu=0.7590000000000001, n_clusters=5"
Feature agglomeration + SVM,56.428155582015094%, 14/19,RH,60,"nu=0.7600000000000001, n_clusters=5"
Feature agglomeration + SVM,59.40878420805104%, 14/19,RH,60,"nu=0.7610000000000001, n_clusters=5"
Feature agglomeration + SVM,54.3145036606231%, 9/19,RH,60,"nu=0.7620000000000001, n_clusters=5"
Feature agglomeration + SVM,54.64588966811299%, 10/19,RH,60,"nu=0.7630000000000001, n_clusters=5"
Feature agglomeration + SVM,58.07519715627166%, 12/19,RH,60,"nu=0.7640000000000001, n_clusters=5"
Feature agglomeration + SVM,56.23374518023302%, 12/19,RH,60,"nu=0.7650000000000001, n_clusters=5"
Feature agglomeration + SVM,48.656560413488606%, 8/19,RH,60,"nu=0.7660000000000001, n_clusters=5"
Feature agglomeration + SVM,52.37792729924924%, 9/19,RH,60,"nu=0.7670000000000001, n_clusters=5"
Feature agglomeration + SVM,62.031899646312695%, 14/19,RH,60,"nu=0.7680000000000001, n_clusters=5"
Feature agglomeration + SVM,52.76030819066554%, 14/19,RH,60,"nu=0.7690000000000001, n_clusters=5"
Feature agglomeration + SVM,49.5061452458977%, 11/19,RH,60,"nu=0.7700000000000001, n_clusters=5"
Feature agglomeration + SVM,54.26407809501283%, 11/19,RH,60,"nu=0.7710000000000001, n_clusters=5"
Feature agglomeration + SVM,53.59818760945249%, 10/19,RH,60,"nu=0.7720000000000001, n_clusters=5"
Feature agglomeration + SVM,46.42414958662853%, 7/19,RH,60,"nu=0.7730000000000001, n_clusters=5"
Feature agglomeration + SVM,40.83202257374945%, 5/19,RH,60,"nu=0.7740000000000001, n_clusters=5"
Feature agglomeration + SVM,46.3142491041134%, 7/19,RH,60,"nu=0.7750000000000001, n_clusters=5"
Feature agglomeration + SVM,48.92241558108253%, 8/19,RH,60,"nu=0.7760000000000001, n_clusters=5"
Feature agglomeration + SVM,46.95716369457255%, 9/19,RH,60,"nu=0.7770000000000001, n_clusters=5"
Feature agglomeration + SVM,42.65219059887696%, 6/19,RH,60,"nu=0.7780000000000001, n_clusters=5"
Feature agglomeration + SVM,43.6351410457422%, 8/19,RH,60,"nu=0.7790000000000001, n_clusters=5"
Feature agglomeration + SVM,45.302990165030856%, 7/19,RH,60,"nu=0.7800000000000001, n_clusters=5"
Feature agglomeration + SVM,43.52754918284234%, 8/19,RH,60,"nu=0.7810000000000001, n_clusters=5"
Feature agglomeration + SVM,37.06617569915681%, 5/19,RH,60,"nu=0.7820000000000001, n_clusters=5"
Feature agglomeration + SVM,41.67651782160499%, 7/19,RH,60,"nu=0.7830000000000001, n_clusters=5"
Feature agglomeration + SVM,44.094000348874175%, 7/19,RH,60,"nu=0.7840000000000001, n_clusters=5"
Feature agglomeration + SVM,43.5436413312416%, 7/19,RH,60,"nu=0.7850000000000001, n_clusters=5"
Feature agglomeration + SVM,44.70294157028555%, 7/19,RH,60,"nu=0.7860000000000001, n_clusters=5"
Feature agglomeration + SVM,54.50069108242657%, 11/19,RH,60,"nu=0.7870000000000001, n_clusters=5"
Feature agglomeration + SVM,49.71383830306188%, 10/19,RH,60,"nu=0.7880000000000001, n_clusters=5"
Feature agglomeration + SVM,45.11502599685267%, 6/19,RH,60,"nu=0.7890000000000001, n_clusters=5"
Feature agglomeration + SVM,48.75272112406137%, 6/19,RH,60,"nu=0.7900000000000001, n_clusters=5"
Feature agglomeration + SVM,54.70091001863272%, 11/19,RH,60,"nu=0.7910000000000001, n_clusters=5"
Feature agglomeration + SVM,54.85287997752051%, 10/19,RH,60,"nu=0.7920000000000001, n_clusters=5"
Feature agglomeration + SVM,50.08879262992204%, 6/19,RH,60,"nu=0.7930000000000001, n_clusters=5"
Feature agglomeration + SVM,46.700102054385226%, 4/19,RH,60,"nu=0.7940000000000002, n_clusters=5"
Feature agglomeration + SVM,49.83968600766846%, 7/19,RH,60,"nu=0.7950000000000002, n_clusters=5"
Feature agglomeration + SVM,39.21008779860766%, 5/19,RH,60,"nu=0.7960000000000002, n_clusters=5"
Feature agglomeration + SVM,34.33894158858754%, 4/19,RH,60,"nu=0.7970000000000002, n_clusters=5"
Feature agglomeration + SVM,39.32446024436402%, 7/19,RH,60,"nu=0.7980000000000002, n_clusters=5"
Feature agglomeration + SVM,38.529314732316585%, 5/19,RH,60,"nu=0.7990000000000002, n_clusters=5"
Feature agglomeration + SVM,37.35705999971071%, 4/19,RH,60,"nu=0.8000000000000002, n_clusters=5"
Feature agglomeration + SVM,68.05901727247233%, 15/19,RH,60,"nu=0.7, n_clusters=5"
Feature agglomeration + SVM,68.25394904635148%, 15/19,RH,60,"nu=0.7001, n_clusters=5"
Feature agglomeration + SVM,67.9558261166496%, 15/19,RH,60,"nu=0.7001999999999999, n_clusters=5"
Feature agglomeration + SVM,67.86508201501621%, 15/19,RH,60,"nu=0.7002999999999999, n_clusters=5"
Feature agglomeration + SVM,74.81983535134849%, 17/19,RH,60,"nu=0.7003999999999999, n_clusters=5"
Feature agglomeration + SVM,75.86149208810504%, 17/19,RH,60,"nu=0.7004999999999999, n_clusters=5"
Feature agglomeration + SVM,78.49979282077963%, 17/19,RH,60,"nu=0.7005999999999999, n_clusters=5"
Feature agglomeration + SVM,78.6929524876235%, 17/19,RH,60,"nu=0.7006999999999999, n_clusters=5"
Feature agglomeration + SVM,78.46894311660868%, 17/19,RH,60,"nu=0.7007999999999999, n_clusters=5"
Feature agglomeration + SVM,78.46381333308555%, 17/19,RH,60,"nu=0.7008999999999999, n_clusters=5"
Feature agglomeration + SVM,76.4230548712745%, 17/19,RH,60,"nu=0.7009999999999998, n_clusters=5"
Feature agglomeration + SVM,72.74877483155254%, 16/19,RH,60,"nu=0.7010999999999998, n_clusters=5"
Feature agglomeration + SVM,68.60968779772868%, 15/19,RH,60,"nu=0.7011999999999998, n_clusters=5"
Feature agglomeration + SVM,69.57860336100661%, 16/19,RH,60,"nu=0.7012999999999998, n_clusters=5"
Feature agglomeration + SVM,69.5803121785049%, 16/19,RH,60,"nu=0.7013999999999998, n_clusters=5"
Feature agglomeration + SVM,69.48632721609889%, 16/19,RH,60,"nu=0.7014999999999998, n_clusters=5"
Feature agglomeration + SVM,69.20089140434729%, 16/19,RH,60,"nu=0.7015999999999998, n_clusters=5"
Feature agglomeration + SVM,69.50871682053183%, 16/19,RH,60,"nu=0.7016999999999998, n_clusters=5"
Feature agglomeration + SVM,65.51609638054296%, 16/19,RH,60,"nu=0.7017999999999998, n_clusters=5"
Feature agglomeration + SVM,65.30557006475351%, 14/19,RH,60,"nu=0.7018999999999997, n_clusters=5"
Feature agglomeration + SVM,62.98937020838743%, 14/19,RH,60,"nu=0.7019999999999997, n_clusters=5"
Feature agglomeration + SVM,62.98759810135219%, 14/19,RH,60,"nu=0.7020999999999997, n_clusters=5"
Feature agglomeration + SVM,62.88806823092449%, 14/19,RH,60,"nu=0.7021999999999997, n_clusters=5"
Feature agglomeration + SVM,62.60924338111038%, 14/19,RH,60,"nu=0.7022999999999997, n_clusters=5"
Feature agglomeration + SVM,58.661874960057744%, 13/19,RH,60,"nu=0.7023999999999997, n_clusters=5"
Feature agglomeration + SVM,59.366628296390026%, 13/19,RH,60,"nu=0.7024999999999997, n_clusters=5"
Feature agglomeration + SVM,54.195553095523366%, 12/19,RH,60,"nu=0.7025999999999997, n_clusters=5"
Feature agglomeration + SVM,54.10480899388996%, 12/19,RH,60,"nu=0.7026999999999997, n_clusters=5"
Feature agglomeration + SVM,54.01082403148395%, 12/19,RH,60,"nu=0.7027999999999996, n_clusters=5"
Feature agglomeration + SVM,50.43666135205811%, 11/19,RH,60,"nu=0.7028999999999996, n_clusters=5"
Feature agglomeration + SVM,50.33139819416337%, 11/19,RH,60,"nu=0.7029999999999996, n_clusters=5"
Feature agglomeration + SVM,54.45041691496958%, 13/19,RH,60,"nu=0.7030999999999996, n_clusters=5"
Feature agglomeration + SVM,53.26243648170612%, 12/19,RH,60,"nu=0.7031999999999996, n_clusters=5"
Feature agglomeration + SVM,56.17597031629259%, 13/19,RH,60,"nu=0.7032999999999996, n_clusters=5"
Feature agglomeration + SVM,58.4790474908426%, 13/19,RH,60,"nu=0.7033999999999996, n_clusters=5"
Feature agglomeration + SVM,58.4790474908426%, 13/19,RH,60,"nu=0.7034999999999996, n_clusters=5"
Feature agglomeration + SVM,58.4790474908426%, 13/19,RH,60,"nu=0.7035999999999996, n_clusters=5"
Feature agglomeration + SVM,55.148738960897056%, 12/19,RH,60,"nu=0.7036999999999995, n_clusters=5"
Feature agglomeration + SVM,53.73537935868297%, 11/19,RH,60,"nu=0.7037999999999995, n_clusters=5"
Feature agglomeration + SVM,51.613281183953205%, 11/19,RH,60,"nu=0.7038999999999995, n_clusters=5"
Feature agglomeration + SVM,51.68206108825943%, 11/19,RH,60,"nu=0.7039999999999995, n_clusters=5"
Feature agglomeration + SVM,50.402282694907626%, 10/19,RH,60,"nu=0.7040999999999995, n_clusters=5"
Feature agglomeration + SVM,50.402282694907626%, 10/19,RH,60,"nu=0.7041999999999995, n_clusters=5"
Feature agglomeration + SVM,50.72462896462233%, 10/19,RH,60,"nu=0.7042999999999995, n_clusters=5"
Feature agglomeration + SVM,50.53482697426631%, 10/19,RH,60,"nu=0.7043999999999995, n_clusters=5"
Feature agglomeration + SVM,47.993992128531296%, 9/19,RH,60,"nu=0.7044999999999995, n_clusters=5"
Feature agglomeration + SVM,44.65391115687137%, 8/19,RH,60,"nu=0.7045999999999994, n_clusters=5"
Feature agglomeration + SVM,49.917069051608216%, 10/19,RH,60,"nu=0.7046999999999994, n_clusters=5"
Feature agglomeration + SVM,47.714966480857726%, 10/19,RH,60,"nu=0.7047999999999994, n_clusters=5"
Feature agglomeration + SVM,47.714966480857726%, 10/19,RH,60,"nu=0.7048999999999994, n_clusters=5"
Feature agglomeration + SVM,48.454821168080834%, 10/19,RH,60,"nu=0.7049999999999994, n_clusters=5"
Feature agglomeration + SVM,48.454821168080834%, 10/19,RH,60,"nu=0.7050999999999994, n_clusters=5"
Feature agglomeration + SVM,45.41175896712389%, 9/19,RH,60,"nu=0.7051999999999994, n_clusters=5"
Feature agglomeration + SVM,50.568389823854055%, 11/19,RH,60,"nu=0.7052999999999994, n_clusters=5"
Feature agglomeration + SVM,52.0721492223503%, 11/19,RH,60,"nu=0.7053999999999994, n_clusters=5"
Feature agglomeration + SVM,52.16961510928987%, 11/19,RH,60,"nu=0.7054999999999993, n_clusters=5"
Feature agglomeration + SVM,53.15088183542724%, 12/19,RH,60,"nu=0.7055999999999993, n_clusters=5"
Feature agglomeration + SVM,53.22137055723175%, 12/19,RH,60,"nu=0.7056999999999993, n_clusters=5"
Feature agglomeration + SVM,53.31370666064819%, 12/19,RH,60,"nu=0.7057999999999993, n_clusters=5"
Feature agglomeration + SVM,53.69031198113895%, 13/19,RH,60,"nu=0.7058999999999993, n_clusters=5"
Feature agglomeration + SVM,53.59797587772251%, 13/19,RH,60,"nu=0.7059999999999993, n_clusters=5"
Feature agglomeration + SVM,59.445929094096805%, 13/19,RH,60,"nu=0.7060999999999993, n_clusters=5"
Feature agglomeration + SVM,60.54804894237476%, 14/19,RH,60,"nu=0.7061999999999993, n_clusters=5"
Feature agglomeration + SVM,60.359838953801805%, 14/19,RH,60,"nu=0.7062999999999993, n_clusters=5"
Feature agglomeration + SVM,60.359838953801805%, 14/19,RH,60,"nu=0.7063999999999993, n_clusters=5"
Feature agglomeration + SVM,61.84010211169655%, 15/19,RH,60,"nu=0.7064999999999992, n_clusters=5"
Feature agglomeration + SVM,61.84010211169655%, 15/19,RH,60,"nu=0.7065999999999992, n_clusters=5"
Feature agglomeration + SVM,63.27132532150416%, 15/19,RH,60,"nu=0.7066999999999992, n_clusters=5"
Feature agglomeration + SVM,66.23606039150239%, 15/19,RH,60,"nu=0.7067999999999992, n_clusters=5"
Feature agglomeration + SVM,65.78233988333541%, 15/19,RH,60,"nu=0.7068999999999992, n_clusters=5"
Feature agglomeration + SVM,67.78695958305494%, 16/19,RH,60,"nu=0.7069999999999992, n_clusters=5"
Feature agglomeration + SVM,67.78695958305494%, 16/19,RH,60,"nu=0.7070999999999992, n_clusters=5"
Feature agglomeration + SVM,67.78695958305494%, 16/19,RH,60,"nu=0.7071999999999992, n_clusters=5"
Feature agglomeration + SVM,63.78695958305494%, 14/19,RH,60,"nu=0.7072999999999992, n_clusters=5"
Feature agglomeration + SVM,62.99252065554749%, 14/19,RH,60,"nu=0.7073999999999991, n_clusters=5"
Feature agglomeration + SVM,58.48124246005876%, 13/19,RH,60,"nu=0.7074999999999991, n_clusters=5"
Feature agglomeration + SVM,58.573578563475195%, 13/19,RH,60,"nu=0.7075999999999991, n_clusters=5"
Feature agglomeration + SVM,58.49086021135451%, 13/19,RH,60,"nu=0.7076999999999991, n_clusters=5"
Feature agglomeration + SVM,58.49086021135451%, 13/19,RH,60,"nu=0.7077999999999991, n_clusters=5"
Feature agglomeration + SVM,58.39339432441495%, 13/19,RH,60,"nu=0.7078999999999991, n_clusters=5"
Feature agglomeration + SVM,56.329410836282854%, 12/19,RH,60,"nu=0.7079999999999991, n_clusters=5"
Feature agglomeration + SVM,56.329410836282854%, 12/19,RH,60,"nu=0.7080999999999991, n_clusters=5"
Feature agglomeration + SVM,54.95816663382268%, 12/19,RH,60,"nu=0.708199999999999, n_clusters=5"
