Bandpower + Feature Agglomeration + KNN,57.17531729220913%, 10/19,RH,[0],"freq bands 4-8,8-13,13-30, k=19, n_clusters=3"
Bandpower + Feature Agglomeration + KNN,54.108869334909606%, 11/19,RH,[1],"freq bands 4-8,8-13,13-30, k=19, n_clusters=3"
Bandpower + Feature Agglomeration + KNN,48.91577868784284%, 7/19,RH,[2],"freq bands 4-8,8-13,13-30, k=19, n_clusters=3"
Bandpower + Feature Agglomeration + KNN,59.3080595831698%, 10/19,RH,[3],"freq bands 4-8,8-13,13-30, k=19, n_clusters=3"
Bandpower + Feature Agglomeration + KNN,60.134093087178606%, 12/19,RH,[4],"freq bands 4-8,8-13,13-30, k=19, n_clusters=3"
Bandpower + Feature Agglomeration + KNN,50.940098108271634%, 9/19,RH,[5],"freq bands 4-8,8-13,13-30, k=19, n_clusters=3"
Bandpower + Feature Agglomeration + KNN,52.55752017494635%, 9/19,RH,[6],"freq bands 4-8,8-13,13-30, k=19, n_clusters=3"
Bandpower + Feature Agglomeration + KNN,39.433850843273355%, 8/19,RH,[7],"freq bands 4-8,8-13,13-30, k=19, n_clusters=3"
Bandpower + Feature Agglomeration + KNN,45.59881418239773%, 8/19,RH,[8],"freq bands 4-8,8-13,13-30, k=19, n_clusters=3"
Bandpower + Feature Agglomeration + KNN,52.1215823251284%, 10/19,RH,[9],"freq bands 4-8,8-13,13-30, k=19, n_clusters=3"
Bandpower + Feature Agglomeration + KNN,57.61041130376009%, 11/19,RH,[10],"freq bands 4-8,8-13,13-30, k=19, n_clusters=3"
Bandpower + Feature Agglomeration + KNN,51.97520385065915%, 8/19,RH,[11],"freq bands 4-8,8-13,13-30, k=19, n_clusters=3"
Bandpower + Feature Agglomeration + KNN,52.907866545574244%, 8/19,RH,[12],"freq bands 4-8,8-13,13-30, k=19, n_clusters=3"
Bandpower + Feature Agglomeration + KNN,42.94712260875344%, 6/19,RH,[13],"freq bands 4-8,8-13,13-30, k=19, n_clusters=3"
Bandpower + Feature Agglomeration + KNN,43.574494451263135%, 7/19,RH,[14],"freq bands 4-8,8-13,13-30, k=19, n_clusters=3"
Bandpower + Feature Agglomeration + KNN,59.592152369986536%, 12/19,RH,[15],"freq bands 4-8,8-13,13-30, k=19, n_clusters=3"
Bandpower + Feature Agglomeration + KNN,48.005257376375035%, 9/19,RH,[16],"freq bands 4-8,8-13,13-30, k=19, n_clusters=3"
Bandpower + Feature Agglomeration + KNN,50.05693929837186%, 10/19,RH,[17],"freq bands 4-8,8-13,13-30, k=19, n_clusters=3"
Bandpower + Feature Agglomeration + KNN,62.81285928688295%, 12/19,RH,[18],"freq bands 4-8,8-13,13-30, k=19, n_clusters=3"
Bandpower + Feature Agglomeration + KNN,69.98087813992572%, 13/19,RH,[19],"freq bands 4-8,8-13,13-30, k=19, n_clusters=3"
Bandpower + Feature Agglomeration + KNN,61.4767382619249%, 10/19,RH,[20],"freq bands 4-8,8-13,13-30, k=19, n_clusters=3"
Bandpower + Feature Agglomeration + KNN,61.419239306201376%, 10/19,RH,[21],"freq bands 4-8,8-13,13-30, k=19, n_clusters=3"
Bandpower + Feature Agglomeration + KNN,58.0933999497053%, 11/19,RH,[22],"freq bands 4-8,8-13,13-30, k=19, n_clusters=3"
Bandpower + Feature Agglomeration + KNN,49.60444529486354%, 8/19,RH,[23],"freq bands 4-8,8-13,13-30, k=19, n_clusters=3"
Bandpower + Feature Agglomeration + KNN,50.444904425698475%, 9/19,RH,[24],"freq bands 4-8,8-13,13-30, k=19, n_clusters=3"
Bandpower + Feature Agglomeration + KNN,46.63643275931212%, 8/19,RH,[25],"freq bands 4-8,8-13,13-30, k=19, n_clusters=3"
Bandpower + Feature Agglomeration + KNN,51.36721799758387%, 9/19,RH,[26],"freq bands 4-8,8-13,13-30, k=19, n_clusters=3"
Bandpower + Feature Agglomeration + KNN,61.16498628465873%, 11/19,RH,[27],"freq bands 4-8,8-13,13-30, k=19, n_clusters=3"
Bandpower + Feature Agglomeration + KNN,55.5537094713522%, 10/19,RH,[28],"freq bands 4-8,8-13,13-30, k=19, n_clusters=3"
Bandpower + Feature Agglomeration + KNN,60.08376123268179%, 11/19,RH,[29],"freq bands 4-8,8-13,13-30, k=19, n_clusters=3"
Bandpower + Feature Agglomeration + KNN,53.879591533289464%, 9/19,RH,[30],"freq bands 4-8,8-13,13-30, k=19, n_clusters=3"
Bandpower + Feature Agglomeration + KNN,62.83225831103949%, 12/19,RH,[31],"freq bands 4-8,8-13,13-30, k=19, n_clusters=3"
Bandpower + Feature Agglomeration + KNN,53.35236107247632%, 10/19,RH,[32],"freq bands 4-8,8-13,13-30, k=19, n_clusters=3"
Bandpower + Feature Agglomeration + KNN,68.50648541106771%, 13/19,RH,[33],"freq bands 4-8,8-13,13-30, k=19, n_clusters=3"
Bandpower + Feature Agglomeration + KNN,49.27408825211005%, 7/19,RH,[34],"freq bands 4-8,8-13,13-30, k=19, n_clusters=3"
Bandpower + Feature Agglomeration + KNN,61.408990871221256%, 12/19,RH,[35],"freq bands 4-8,8-13,13-30, k=19, n_clusters=3"
Bandpower + Feature Agglomeration + KNN,67.90616245571056%, 14/19,RH,[36],"freq bands 4-8,8-13,13-30, k=19, n_clusters=3"
Bandpower + Feature Agglomeration + KNN,71.16841253880186%, 15/19,RH,[37],"freq bands 4-8,8-13,13-30, k=19, n_clusters=3"
Bandpower + Feature Agglomeration + KNN,66.82550668680447%, 11/19,RH,[38],"freq bands 4-8,8-13,13-30, k=19, n_clusters=3"
Bandpower + Feature Agglomeration + KNN,63.008517430117884%, 12/19,RH,[39],"freq bands 4-8,8-13,13-30, k=19, n_clusters=3"
Bandpower + Feature Agglomeration + KNN,58.01306663675335%, 10/19,RH,[40],"freq bands 4-8,8-13,13-30, k=19, n_clusters=3"
Bandpower + Feature Agglomeration + KNN,56.056806679607796%, 11/19,RH,[41],"freq bands 4-8,8-13,13-30, k=19, n_clusters=3"
Bandpower + Feature Agglomeration + KNN,52.664896123044116%, 9/19,RH,[42],"freq bands 4-8,8-13,13-30, k=19, n_clusters=3"
Bandpower + Feature Agglomeration + KNN,50.79994925755994%, 9/19,RH,[43],"freq bands 4-8,8-13,13-30, k=19, n_clusters=3"
Bandpower + Feature Agglomeration + KNN,52.27056679550095%, 11/19,RH,[44],"freq bands 4-8,8-13,13-30, k=19, n_clusters=3"
Bandpower + Feature Agglomeration + KNN,66.16316664598395%, 13/19,RH,[45],"freq bands 4-8,8-13,13-30, k=19, n_clusters=3"
Bandpower + Feature Agglomeration + KNN,64.33522823924075%, 12/19,RH,[46],"freq bands 4-8,8-13,13-30, k=19, n_clusters=3"
Bandpower + Feature Agglomeration + KNN,68.18782741109148%, 13/19,RH,[47],"freq bands 4-8,8-13,13-30, k=19, n_clusters=3"
Bandpower + Feature Agglomeration + KNN,58.77867362861927%, 10/19,RH,[48],"freq bands 4-8,8-13,13-30, k=19, n_clusters=3"
Bandpower + Feature Agglomeration + KNN,72.54541693334404%, 16/19,RH,[49],"freq bands 4-8,8-13,13-30, k=19, n_clusters=3"
Bandpower + Feature Agglomeration + KNN,71.70667330422461%, 15/19,RH,[50],"freq bands 4-8,8-13,13-30, k=19, n_clusters=3"
Bandpower + Feature Agglomeration + KNN,72.36772358287097%, 14/19,RH,[51],"freq bands 4-8,8-13,13-30, k=19, n_clusters=3"
Bandpower + Feature Agglomeration + KNN,56.079005954657156%, 10/19,RH,[52],"freq bands 4-8,8-13,13-30, k=19, n_clusters=3"
Bandpower + Feature Agglomeration + KNN,58.97610464725%, 12/19,RH,[53],"freq bands 4-8,8-13,13-30, k=19, n_clusters=3"
Bandpower + Feature Agglomeration + KNN,42.5230782943015%, 8/19,RH,[54],"freq bands 4-8,8-13,13-30, k=19, n_clusters=3"
Bandpower + Feature Agglomeration + KNN,46.8905102004134%, 8/19,RH,[55],"freq bands 4-8,8-13,13-30, k=19, n_clusters=3"
Bandpower + Feature Agglomeration + KNN,45.241478407796855%, 8/19,RH,[56],"freq bands 4-8,8-13,13-30, k=19, n_clusters=3"
Bandpower + Feature Agglomeration + KNN,42.3311626459631%, 5/19,RH,[57],"freq bands 4-8,8-13,13-30, k=19, n_clusters=3"
Bandpower + Feature Agglomeration + KNN,49.3308478691256%, 8/19,RH,[58],"freq bands 4-8,8-13,13-30, k=19, n_clusters=3"
Bandpower + Feature Agglomeration + KNN,37.82137434844997%, 6/19,RH,[59],"freq bands 4-8,8-13,13-30, k=19, n_clusters=3"
Bandpower + Feature Agglomeration + KNN,43.64507230462535%, 7/19,RH,[60],"freq bands 4-8,8-13,13-30, k=19, n_clusters=3"
Bandpower + Feature Agglomeration + KNN,58.57539444221814%, 12/19,RH,"[49, 0]","freq bands 4-8,8-13,13-30, k=19, n_clusters=3"
Bandpower + Feature Agglomeration + KNN,48.06808474575418%, 10/19,RH,"[49, 1]","freq bands 4-8,8-13,13-30, k=19, n_clusters=3"
Bandpower + Feature Agglomeration + KNN,64.50717075691786%, 13/19,RH,"[49, 2]","freq bands 4-8,8-13,13-30, k=19, n_clusters=3"
Bandpower + Feature Agglomeration + KNN,56.96043179985056%, 12/19,RH,"[49, 3]","freq bands 4-8,8-13,13-30, k=19, n_clusters=3"
Bandpower + Feature Agglomeration + KNN,65.69356398072904%, 13/19,RH,"[49, 4]","freq bands 4-8,8-13,13-30, k=19, n_clusters=3"
Bandpower + Feature Agglomeration + KNN,58.16171058899198%, 13/19,RH,"[49, 5]","freq bands 4-8,8-13,13-30, k=19, n_clusters=3"
Bandpower + Feature Agglomeration + KNN,58.62331381283412%, 11/19,RH,"[49, 6]","freq bands 4-8,8-13,13-30, k=19, n_clusters=3"
Bandpower + Feature Agglomeration + KNN,44.223748069393885%, 8/19,RH,"[49, 7]","freq bands 4-8,8-13,13-30, k=19, n_clusters=3"
Bandpower + Feature Agglomeration + KNN,55.4116527802854%, 11/19,RH,"[49, 8]","freq bands 4-8,8-13,13-30, k=19, n_clusters=3"
Bandpower + Feature Agglomeration + KNN,59.78735188618539%, 12/19,RH,"[49, 9]","freq bands 4-8,8-13,13-30, k=19, n_clusters=3"
Bandpower + Feature Agglomeration + KNN,62.9509265469804%, 12/19,RH,"[49, 10]","freq bands 4-8,8-13,13-30, k=19, n_clusters=3"
Bandpower + Feature Agglomeration + KNN,50.45732572276932%, 10/19,RH,"[49, 11]","freq bands 4-8,8-13,13-30, k=19, n_clusters=3"
Bandpower + Feature Agglomeration + KNN,48.21039246834486%, 10/19,RH,"[49, 12]","freq bands 4-8,8-13,13-30, k=19, n_clusters=3"
Bandpower + Feature Agglomeration + KNN,43.74017060056878%, 8/19,RH,"[49, 13]","freq bands 4-8,8-13,13-30, k=19, n_clusters=3"
Bandpower + Feature Agglomeration + KNN,54.97636479970494%, 10/19,RH,"[49, 14]","freq bands 4-8,8-13,13-30, k=19, n_clusters=3"
Bandpower + Feature Agglomeration + KNN,56.972390669630144%, 11/19,RH,"[49, 15]","freq bands 4-8,8-13,13-30, k=19, n_clusters=3"
Bandpower + Feature Agglomeration + KNN,46.63234730145399%, 7/19,RH,"[49, 16]","freq bands 4-8,8-13,13-30, k=19, n_clusters=3"
Bandpower + Feature Agglomeration + KNN,50.75636216725498%, 11/19,RH,"[49, 17]","freq bands 4-8,8-13,13-30, k=19, n_clusters=3"
Bandpower + Feature Agglomeration + KNN,59.990029553267235%, 12/19,RH,"[49, 18]","freq bands 4-8,8-13,13-30, k=19, n_clusters=3"
Bandpower + Feature Agglomeration + KNN,56.829662117379485%, 12/19,RH,"[49, 19]","freq bands 4-8,8-13,13-30, k=19, n_clusters=3"
Bandpower + Feature Agglomeration + KNN,66.08080448562052%, 13/19,RH,"[49, 20]","freq bands 4-8,8-13,13-30, k=19, n_clusters=3"
Bandpower + Feature Agglomeration + KNN,47.9002789845523%, 9/19,RH,"[49, 21]","freq bands 4-8,8-13,13-30, k=19, n_clusters=3"
Bandpower + Feature Agglomeration + KNN,60.31511140957049%, 11/19,RH,"[49, 22]","freq bands 4-8,8-13,13-30, k=19, n_clusters=3"
Bandpower + Feature Agglomeration + KNN,54.06630754530295%, 9/19,RH,"[49, 23]","freq bands 4-8,8-13,13-30, k=19, n_clusters=3"
Bandpower + Feature Agglomeration + KNN,50.73960022690889%, 10/19,RH,"[49, 24]","freq bands 4-8,8-13,13-30, k=19, n_clusters=3"
Bandpower + Feature Agglomeration + KNN,48.47062258439641%, 7/19,RH,"[49, 25]","freq bands 4-8,8-13,13-30, k=19, n_clusters=3"
Bandpower + Feature Agglomeration + KNN,50.26588924841392%, 9/19,RH,"[49, 26]","freq bands 4-8,8-13,13-30, k=19, n_clusters=3"
Bandpower + Feature Agglomeration + KNN,64.13603392079254%, 12/19,RH,"[49, 27]","freq bands 4-8,8-13,13-30, k=19, n_clusters=3"
Bandpower + Feature Agglomeration + KNN,52.07603833835389%, 8/19,RH,"[49, 28]","freq bands 4-8,8-13,13-30, k=19, n_clusters=3"
Bandpower + Feature Agglomeration + KNN,64.57560376552048%, 12/19,RH,"[49, 29]","freq bands 4-8,8-13,13-30, k=19, n_clusters=3"
Bandpower + Feature Agglomeration + KNN,47.49157483677899%, 10/19,RH,"[49, 30]","freq bands 4-8,8-13,13-30, k=19, n_clusters=3"
Bandpower + Feature Agglomeration + KNN,57.16524777450973%, 11/19,RH,"[49, 31]","freq bands 4-8,8-13,13-30, k=19, n_clusters=3"
Bandpower + Feature Agglomeration + KNN,50.71991959413044%, 10/19,RH,"[49, 32]","freq bands 4-8,8-13,13-30, k=19, n_clusters=3"
Bandpower + Feature Agglomeration + KNN,57.11642642495638%, 11/19,RH,"[49, 33]","freq bands 4-8,8-13,13-30, k=19, n_clusters=3"
Bandpower + Feature Agglomeration + KNN,52.962911511387965%, 11/19,RH,"[49, 34]","freq bands 4-8,8-13,13-30, k=19, n_clusters=3"
Bandpower + Feature Agglomeration + KNN,60.90532646099604%, 13/19,RH,"[49, 35]","freq bands 4-8,8-13,13-30, k=19, n_clusters=3"
Bandpower + Feature Agglomeration + KNN,61.54499331893823%, 13/19,RH,"[49, 36]","freq bands 4-8,8-13,13-30, k=19, n_clusters=3"
Bandpower + Feature Agglomeration + KNN,59.519983928468925%, 11/19,RH,"[49, 37]","freq bands 4-8,8-13,13-30, k=19, n_clusters=3"
Bandpower + Feature Agglomeration + KNN,56.75579515122099%, 10/19,RH,"[49, 38]","freq bands 4-8,8-13,13-30, k=19, n_clusters=3"
Bandpower + Feature Agglomeration + KNN,58.93652110859639%, 11/19,RH,"[49, 39]","freq bands 4-8,8-13,13-30, k=19, n_clusters=3"
Bandpower + Feature Agglomeration + KNN,54.00395836956158%, 8/19,RH,"[49, 40]","freq bands 4-8,8-13,13-30, k=19, n_clusters=3"
Bandpower + Feature Agglomeration + KNN,67.2088555417917%, 13/19,RH,"[49, 41]","freq bands 4-8,8-13,13-30, k=19, n_clusters=3"
Bandpower + Feature Agglomeration + KNN,57.75527229867495%, 11/19,RH,"[49, 42]","freq bands 4-8,8-13,13-30, k=19, n_clusters=3"
Bandpower + Feature Agglomeration + KNN,55.6015087990231%, 12/19,RH,"[49, 43]","freq bands 4-8,8-13,13-30, k=19, n_clusters=3"
Bandpower + Feature Agglomeration + KNN,52.05462551715699%, 11/19,RH,"[49, 44]","freq bands 4-8,8-13,13-30, k=19, n_clusters=3"
Bandpower + Feature Agglomeration + KNN,63.801401276965265%, 13/19,RH,"[49, 45]","freq bands 4-8,8-13,13-30, k=19, n_clusters=3"
Bandpower + Feature Agglomeration + KNN,53.10326887172011%, 11/19,RH,"[49, 46]","freq bands 4-8,8-13,13-30, k=19, n_clusters=3"
Bandpower + Feature Agglomeration + KNN,68.0126744291182%, 13/19,RH,"[49, 47]","freq bands 4-8,8-13,13-30, k=19, n_clusters=3"
Bandpower + Feature Agglomeration + KNN,62.45989779932738%, 13/19,RH,"[49, 48]","freq bands 4-8,8-13,13-30, k=19, n_clusters=3"
Bandpower + Feature Agglomeration + KNN,72.54541693334404%, 16/19,RH,"[49, 49]","freq bands 4-8,8-13,13-30, k=19, n_clusters=3"
Bandpower + Feature Agglomeration + KNN,69.57644630852252%, 15/19,RH,"[49, 50]","freq bands 4-8,8-13,13-30, k=19, n_clusters=3"
Bandpower + Feature Agglomeration + KNN,67.83563107873425%, 13/19,RH,"[49, 51]","freq bands 4-8,8-13,13-30, k=19, n_clusters=3"
Bandpower + Feature Agglomeration + KNN,53.23832691914085%, 10/19,RH,"[49, 52]","freq bands 4-8,8-13,13-30, k=19, n_clusters=3"
Bandpower + Feature Agglomeration + KNN,65.06939524246377%, 13/19,RH,"[49, 53]","freq bands 4-8,8-13,13-30, k=19, n_clusters=3"
Bandpower + Feature Agglomeration + KNN,63.15791098696509%, 13/19,RH,"[49, 54]","freq bands 4-8,8-13,13-30, k=19, n_clusters=3"
Bandpower + Feature Agglomeration + KNN,54.43850439925724%, 11/19,RH,"[49, 55]","freq bands 4-8,8-13,13-30, k=19, n_clusters=3"
Bandpower + Feature Agglomeration + KNN,39.80754655238064%, 7/19,RH,"[49, 56]","freq bands 4-8,8-13,13-30, k=19, n_clusters=3"
Bandpower + Feature Agglomeration + KNN,56.58163927082849%, 13/19,RH,"[49, 57]","freq bands 4-8,8-13,13-30, k=19, n_clusters=3"
Bandpower + Feature Agglomeration + KNN,53.61051311788083%, 8/19,RH,"[49, 58]","freq bands 4-8,8-13,13-30, k=19, n_clusters=3"
Bandpower + Feature Agglomeration + KNN,41.7054658447916%, 7/19,RH,"[49, 59]","freq bands 4-8,8-13,13-30, k=19, n_clusters=3"
Bandpower + Feature Agglomeration + KNN,61.81348690754764%, 12/19,RH,"[49, 60]","freq bands 4-8,8-13,13-30, k=19, n_clusters=3"
Bandpower + Feature Agglomeration + KNN,53.132078232170464%, 11/19,RH,"[49, 49, 0]","freq bands 4-8,8-13,13-30, k=19, n_clusters=3"
Bandpower + Feature Agglomeration + KNN,54.277510473468915%, 11/19,RH,"[49, 49, 1]","freq bands 4-8,8-13,13-30, k=19, n_clusters=3"
Bandpower + Feature Agglomeration + KNN,61.37374158174347%, 11/19,RH,"[49, 49, 2]","freq bands 4-8,8-13,13-30, k=19, n_clusters=3"
Bandpower + Feature Agglomeration + KNN,54.59443701695829%, 11/19,RH,"[49, 49, 3]","freq bands 4-8,8-13,13-30, k=19, n_clusters=3"
Bandpower + Feature Agglomeration + KNN,66.6496922526927%, 13/19,RH,"[49, 49, 4]","freq bands 4-8,8-13,13-30, k=19, n_clusters=3"
Bandpower + Feature Agglomeration + KNN,64.48963206541534%, 14/19,RH,"[49, 49, 5]","freq bands 4-8,8-13,13-30, k=19, n_clusters=3"
Bandpower + Feature Agglomeration + KNN,68.20676392833334%, 14/19,RH,"[49, 49, 6]","freq bands 4-8,8-13,13-30, k=19, n_clusters=3"
Bandpower + Feature Agglomeration + KNN,50.70641405647318%, 11/19,RH,"[49, 49, 7]","freq bands 4-8,8-13,13-30, k=19, n_clusters=3"
Bandpower + Feature Agglomeration + KNN,56.632327432711364%, 11/19,RH,"[49, 49, 8]","freq bands 4-8,8-13,13-30, k=19, n_clusters=3"
Bandpower + Feature Agglomeration + KNN,62.8814631001885%, 12/19,RH,"[49, 49, 9]","freq bands 4-8,8-13,13-30, k=19, n_clusters=3"
Bandpower + Feature Agglomeration + KNN,60.54280823850443%, 11/19,RH,"[49, 49, 10]","freq bands 4-8,8-13,13-30, k=19, n_clusters=3"
Bandpower + Feature Agglomeration + KNN,61.30204531111318%, 11/19,RH,"[49, 49, 11]","freq bands 4-8,8-13,13-30, k=19, n_clusters=3"
Bandpower + Feature Agglomeration + KNN,56.04660556166655%, 11/19,RH,"[49, 49, 12]","freq bands 4-8,8-13,13-30, k=19, n_clusters=3"
Bandpower + Feature Agglomeration + KNN,65.65896426156691%, 14/19,RH,"[49, 49, 13]","freq bands 4-8,8-13,13-30, k=19, n_clusters=3"
Bandpower + Feature Agglomeration + KNN,59.97743763388738%, 11/19,RH,"[49, 49, 14]","freq bands 4-8,8-13,13-30, k=19, n_clusters=3"
Bandpower + Feature Agglomeration + KNN,61.772707886289304%, 12/19,RH,"[49, 49, 15]","freq bands 4-8,8-13,13-30, k=19, n_clusters=3"
Bandpower + Feature Agglomeration + KNN,53.66963448301462%, 9/19,RH,"[49, 49, 16]","freq bands 4-8,8-13,13-30, k=19, n_clusters=3"
Bandpower + Feature Agglomeration + KNN,57.95843053460015%, 12/19,RH,"[49, 49, 17]","freq bands 4-8,8-13,13-30, k=19, n_clusters=3"
Bandpower + Feature Agglomeration + KNN,58.43202859386929%, 12/19,RH,"[49, 49, 18]","freq bands 4-8,8-13,13-30, k=19, n_clusters=3"
Bandpower + Feature Agglomeration + KNN,59.649772499732045%, 13/19,RH,"[49, 49, 19]","freq bands 4-8,8-13,13-30, k=19, n_clusters=3"
Bandpower + Feature Agglomeration + KNN,62.85453889323968%, 14/19,RH,"[49, 49, 20]","freq bands 4-8,8-13,13-30, k=19, n_clusters=3"
Bandpower + Feature Agglomeration + KNN,54.633396422526225%, 10/19,RH,"[49, 49, 21]","freq bands 4-8,8-13,13-30, k=19, n_clusters=3"
Bandpower + Feature Agglomeration + KNN,54.37467074124365%, 11/19,RH,"[49, 49, 22]","freq bands 4-8,8-13,13-30, k=19, n_clusters=3"
Bandpower + Feature Agglomeration + KNN,50.05377943270559%, 9/19,RH,"[49, 49, 23]","freq bands 4-8,8-13,13-30, k=19, n_clusters=3"
Bandpower + Feature Agglomeration + KNN,47.496174195184224%, 8/19,RH,"[49, 49, 24]","freq bands 4-8,8-13,13-30, k=19, n_clusters=3"
Bandpower + Feature Agglomeration + KNN,59.04920255578357%, 11/19,RH,"[49, 49, 25]","freq bands 4-8,8-13,13-30, k=19, n_clusters=3"
Bandpower + Feature Agglomeration + KNN,55.78040818458685%, 13/19,RH,"[49, 49, 26]","freq bands 4-8,8-13,13-30, k=19, n_clusters=3"
Bandpower + Feature Agglomeration + KNN,60.187724434179756%, 12/19,RH,"[49, 49, 27]","freq bands 4-8,8-13,13-30, k=19, n_clusters=3"
Bandpower + Feature Agglomeration + KNN,48.47732970633577%, 9/19,RH,"[49, 49, 28]","freq bands 4-8,8-13,13-30, k=19, n_clusters=3"
Bandpower + Feature Agglomeration + KNN,63.3866567780619%, 13/19,RH,"[49, 49, 29]","freq bands 4-8,8-13,13-30, k=19, n_clusters=3"
Bandpower + Feature Agglomeration + KNN,52.55634185839695%, 11/19,RH,"[49, 49, 30]","freq bands 4-8,8-13,13-30, k=19, n_clusters=3"
Bandpower + Feature Agglomeration + KNN,61.47924760287224%, 13/19,RH,"[49, 49, 31]","freq bands 4-8,8-13,13-30, k=19, n_clusters=3"
Bandpower + Feature Agglomeration + KNN,51.246901468208485%, 10/19,RH,"[49, 49, 32]","freq bands 4-8,8-13,13-30, k=19, n_clusters=3"
Bandpower + Feature Agglomeration + KNN,60.59553913183677%, 11/19,RH,"[49, 49, 33]","freq bands 4-8,8-13,13-30, k=19, n_clusters=3"
Bandpower + Feature Agglomeration + KNN,55.96070413040755%, 12/19,RH,"[49, 49, 34]","freq bands 4-8,8-13,13-30, k=19, n_clusters=3"
Bandpower + Feature Agglomeration + KNN,61.38680945076016%, 13/19,RH,"[49, 49, 35]","freq bands 4-8,8-13,13-30, k=19, n_clusters=3"
Bandpower + Feature Agglomeration + KNN,65.71179687495939%, 14/19,RH,"[49, 49, 36]","freq bands 4-8,8-13,13-30, k=19, n_clusters=3"
Bandpower + Feature Agglomeration + KNN,56.99528745176564%, 11/19,RH,"[49, 49, 37]","freq bands 4-8,8-13,13-30, k=19, n_clusters=3"
Bandpower + Feature Agglomeration + KNN,59.6552359534979%, 11/19,RH,"[49, 49, 38]","freq bands 4-8,8-13,13-30, k=19, n_clusters=3"
Bandpower + Feature Agglomeration + KNN,50.981766918469354%, 10/19,RH,"[49, 49, 39]","freq bands 4-8,8-13,13-30, k=19, n_clusters=3"
Bandpower + Feature Agglomeration + KNN,51.77610449890514%, 10/19,RH,"[49, 49, 40]","freq bands 4-8,8-13,13-30, k=19, n_clusters=3"
Bandpower + Feature Agglomeration + KNN,55.8451521090283%, 10/19,RH,"[49, 49, 41]","freq bands 4-8,8-13,13-30, k=19, n_clusters=3"
Bandpower + Feature Agglomeration + KNN,47.84429155208711%, 8/19,RH,"[49, 49, 42]","freq bands 4-8,8-13,13-30, k=19, n_clusters=3"
Bandpower + Feature Agglomeration + KNN,59.141783076942055%, 12/19,RH,"[49, 49, 43]","freq bands 4-8,8-13,13-30, k=19, n_clusters=3"
Bandpower + Feature Agglomeration + KNN,47.15237718532726%, 7/19,RH,"[49, 49, 44]","freq bands 4-8,8-13,13-30, k=19, n_clusters=3"
Bandpower + Feature Agglomeration + KNN,57.28191730670884%, 12/19,RH,"[49, 49, 45]","freq bands 4-8,8-13,13-30, k=19, n_clusters=3"
Bandpower + Feature Agglomeration + KNN,51.36809966409569%, 10/19,RH,"[49, 49, 46]","freq bands 4-8,8-13,13-30, k=19, n_clusters=3"
Bandpower + Feature Agglomeration + KNN,72.96771616092946%, 15/19,RH,"[49, 49, 47]","freq bands 4-8,8-13,13-30, k=19, n_clusters=3"
Bandpower + Feature Agglomeration + KNN,64.86801688492393%, 13/19,RH,"[49, 49, 48]","freq bands 4-8,8-13,13-30, k=19, n_clusters=3"
Bandpower + Feature Agglomeration + KNN,72.54541693334404%, 16/19,RH,"[49, 49, 49]","freq bands 4-8,8-13,13-30, k=19, n_clusters=3"
Bandpower + Feature Agglomeration + KNN,67.37380591909017%, 14/19,RH,"[49, 49, 50]","freq bands 4-8,8-13,13-30, k=19, n_clusters=3"
Bandpower + Feature Agglomeration + KNN,68.65923892327294%, 13/19,RH,"[49, 49, 51]","freq bands 4-8,8-13,13-30, k=19, n_clusters=3"
Bandpower + Feature Agglomeration + KNN,53.68038641554007%, 9/19,RH,"[49, 49, 52]","freq bands 4-8,8-13,13-30, k=19, n_clusters=3"
Bandpower + Feature Agglomeration + KNN,57.768566214161844%, 11/19,RH,"[49, 49, 53]","freq bands 4-8,8-13,13-30, k=19, n_clusters=3"
Bandpower + Feature Agglomeration + KNN,51.326370863747385%, 9/19,RH,"[49, 49, 54]","freq bands 4-8,8-13,13-30, k=19, n_clusters=3"
Bandpower + Feature Agglomeration + KNN,50.632706410887494%, 12/19,RH,"[49, 49, 55]","freq bands 4-8,8-13,13-30, k=19, n_clusters=3"
Bandpower + Feature Agglomeration + KNN,39.253817591406595%, 7/19,RH,"[49, 49, 56]","freq bands 4-8,8-13,13-30, k=19, n_clusters=3"
Bandpower + Feature Agglomeration + KNN,61.25306770311168%, 13/19,RH,"[49, 49, 57]","freq bands 4-8,8-13,13-30, k=19, n_clusters=3"
Bandpower + Feature Agglomeration + KNN,55.132837244761845%, 9/19,RH,"[49, 49, 58]","freq bands 4-8,8-13,13-30, k=19, n_clusters=3"
Bandpower + Feature Agglomeration + KNN,42.22579052541378%, 7/19,RH,"[49, 49, 59]","freq bands 4-8,8-13,13-30, k=19, n_clusters=3"
Bandpower + Feature Agglomeration + KNN,56.82921399159541%, 10/19,RH,"[49, 49, 60]","freq bands 4-8,8-13,13-30, k=19, n_clusters=3"
Bandpower + Feature Agglomeration + KNN,55.44913693166599%, 12/19,RH,"[47, 49, 49, 0]","freq bands 4-8,8-13,13-30, k=19, n_clusters=3"
Bandpower + Feature Agglomeration + KNN,54.94614760551153%, 10/19,RH,"[47, 49, 49, 1]","freq bands 4-8,8-13,13-30, k=19, n_clusters=3"
Bandpower + Feature Agglomeration + KNN,53.47009092553824%, 10/19,RH,"[47, 49, 49, 2]","freq bands 4-8,8-13,13-30, k=19, n_clusters=3"
Bandpower + Feature Agglomeration + KNN,51.17759490041488%, 9/19,RH,"[47, 49, 49, 3]","freq bands 4-8,8-13,13-30, k=19, n_clusters=3"
Bandpower + Feature Agglomeration + KNN,67.48149326632578%, 13/19,RH,"[47, 49, 49, 4]","freq bands 4-8,8-13,13-30, k=19, n_clusters=3"
Bandpower + Feature Agglomeration + KNN,53.70326826618176%, 11/19,RH,"[47, 49, 49, 5]","freq bands 4-8,8-13,13-30, k=19, n_clusters=3"
Bandpower + Feature Agglomeration + KNN,62.32185883638351%, 12/19,RH,"[47, 49, 49, 6]","freq bands 4-8,8-13,13-30, k=19, n_clusters=3"
Bandpower + Feature Agglomeration + KNN,54.7789255012116%, 9/19,RH,"[47, 49, 49, 7]","freq bands 4-8,8-13,13-30, k=19, n_clusters=3"
Bandpower + Feature Agglomeration + KNN,54.59750504213557%, 10/19,RH,"[47, 49, 49, 8]","freq bands 4-8,8-13,13-30, k=19, n_clusters=3"
Bandpower + Feature Agglomeration + KNN,69.79290886887439%, 15/19,RH,"[47, 49, 49, 9]","freq bands 4-8,8-13,13-30, k=19, n_clusters=3"
Bandpower + Feature Agglomeration + KNN,69.90597482274163%, 16/19,RH,"[47, 49, 49, 10]","freq bands 4-8,8-13,13-30, k=19, n_clusters=3"
Bandpower + Feature Agglomeration + KNN,65.59180614281861%, 14/19,RH,"[47, 49, 49, 11]","freq bands 4-8,8-13,13-30, k=19, n_clusters=3"
Bandpower + Feature Agglomeration + KNN,60.71971773002364%, 12/19,RH,"[47, 49, 49, 12]","freq bands 4-8,8-13,13-30, k=19, n_clusters=3"
Bandpower + Feature Agglomeration + KNN,55.853192136108646%, 10/19,RH,"[47, 49, 49, 13]","freq bands 4-8,8-13,13-30, k=19, n_clusters=3"
Bandpower + Feature Agglomeration + KNN,68.81124803145659%, 14/19,RH,"[47, 49, 49, 14]","freq bands 4-8,8-13,13-30, k=19, n_clusters=3"
Bandpower + Feature Agglomeration + KNN,51.91357158349511%, 9/19,RH,"[47, 49, 49, 15]","freq bands 4-8,8-13,13-30, k=19, n_clusters=3"
Bandpower + Feature Agglomeration + KNN,66.75540686863546%, 13/19,RH,"[47, 49, 49, 16]","freq bands 4-8,8-13,13-30, k=19, n_clusters=3"
Bandpower + Feature Agglomeration + KNN,60.81979092341477%, 11/19,RH,"[47, 49, 49, 17]","freq bands 4-8,8-13,13-30, k=19, n_clusters=3"
Bandpower + Feature Agglomeration + KNN,50.04528835734522%, 9/19,RH,"[47, 49, 49, 18]","freq bands 4-8,8-13,13-30, k=19, n_clusters=3"
Bandpower + Feature Agglomeration + KNN,61.01560681311034%, 13/19,RH,"[47, 49, 49, 19]","freq bands 4-8,8-13,13-30, k=19, n_clusters=3"
Bandpower + Feature Agglomeration + KNN,73.70767227676872%, 14/19,RH,"[47, 49, 49, 20]","freq bands 4-8,8-13,13-30, k=19, n_clusters=3"
Bandpower + Feature Agglomeration + KNN,55.582569390093575%, 10/19,RH,"[47, 49, 49, 21]","freq bands 4-8,8-13,13-30, k=19, n_clusters=3"
Bandpower + Feature Agglomeration + KNN,56.47247123088363%, 11/19,RH,"[47, 49, 49, 22]","freq bands 4-8,8-13,13-30, k=19, n_clusters=3"
Bandpower + Feature Agglomeration + KNN,56.212733719638564%, 11/19,RH,"[47, 49, 49, 23]","freq bands 4-8,8-13,13-30, k=19, n_clusters=3"
Bandpower + Feature Agglomeration + KNN,50.89563475869633%, 10/19,RH,"[47, 49, 49, 24]","freq bands 4-8,8-13,13-30, k=19, n_clusters=3"
Bandpower + Feature Agglomeration + KNN,47.16741898745657%, 6/19,RH,"[47, 49, 49, 25]","freq bands 4-8,8-13,13-30, k=19, n_clusters=3"
Bandpower + Feature Agglomeration + KNN,55.15295666137234%, 11/19,RH,"[47, 49, 49, 26]","freq bands 4-8,8-13,13-30, k=19, n_clusters=3"
Bandpower + Feature Agglomeration + KNN,63.65303266106993%, 13/19,RH,"[47, 49, 49, 27]","freq bands 4-8,8-13,13-30, k=19, n_clusters=3"
Bandpower + Feature Agglomeration + KNN,56.13215820761454%, 12/19,RH,"[47, 49, 49, 28]","freq bands 4-8,8-13,13-30, k=19, n_clusters=3"
Bandpower + Feature Agglomeration + KNN,66.19319271840959%, 14/19,RH,"[47, 49, 49, 29]","freq bands 4-8,8-13,13-30, k=19, n_clusters=3"
Bandpower + Feature Agglomeration + KNN,59.175772154743534%, 12/19,RH,"[47, 49, 49, 30]","freq bands 4-8,8-13,13-30, k=19, n_clusters=3"
Bandpower + Feature Agglomeration + KNN,61.85496333531009%, 12/19,RH,"[47, 49, 49, 31]","freq bands 4-8,8-13,13-30, k=19, n_clusters=3"
Bandpower + Feature Agglomeration + KNN,64.7365126823702%, 14/19,RH,"[47, 49, 49, 32]","freq bands 4-8,8-13,13-30, k=19, n_clusters=3"
Bandpower + Feature Agglomeration + KNN,66.3152470772732%, 13/19,RH,"[47, 49, 49, 33]","freq bands 4-8,8-13,13-30, k=19, n_clusters=3"
Bandpower + Feature Agglomeration + KNN,67.48194198332702%, 13/19,RH,"[47, 49, 49, 34]","freq bands 4-8,8-13,13-30, k=19, n_clusters=3"
Bandpower + Feature Agglomeration + KNN,69.31199791813843%, 14/19,RH,"[47, 49, 49, 35]","freq bands 4-8,8-13,13-30, k=19, n_clusters=3"
Bandpower + Feature Agglomeration + KNN,63.213432698289964%, 14/19,RH,"[47, 49, 49, 36]","freq bands 4-8,8-13,13-30, k=19, n_clusters=3"
Bandpower + Feature Agglomeration + KNN,50.82697301059868%, 10/19,RH,"[47, 49, 49, 37]","freq bands 4-8,8-13,13-30, k=19, n_clusters=3"
Bandpower + Feature Agglomeration + KNN,55.634224169572875%, 10/19,RH,"[47, 49, 49, 38]","freq bands 4-8,8-13,13-30, k=19, n_clusters=3"
Bandpower + Feature Agglomeration + KNN,47.495104772168%, 9/19,RH,"[47, 49, 49, 39]","freq bands 4-8,8-13,13-30, k=19, n_clusters=3"
Bandpower + Feature Agglomeration + KNN,53.605910136773936%, 10/19,RH,"[47, 49, 49, 40]","freq bands 4-8,8-13,13-30, k=19, n_clusters=3"
Bandpower + Feature Agglomeration + KNN,67.89804793713517%, 13/19,RH,"[47, 49, 49, 41]","freq bands 4-8,8-13,13-30, k=19, n_clusters=3"
Bandpower + Feature Agglomeration + KNN,47.79482173178928%, 9/19,RH,"[47, 49, 49, 42]","freq bands 4-8,8-13,13-30, k=19, n_clusters=3"
Bandpower + Feature Agglomeration + KNN,61.22379336222588%, 11/19,RH,"[47, 49, 49, 43]","freq bands 4-8,8-13,13-30, k=19, n_clusters=3"
Bandpower + Feature Agglomeration + KNN,64.32327797846835%, 13/19,RH,"[47, 49, 49, 44]","freq bands 4-8,8-13,13-30, k=19, n_clusters=3"
Bandpower + Feature Agglomeration + KNN,59.12664995569775%, 12/19,RH,"[47, 49, 49, 45]","freq bands 4-8,8-13,13-30, k=19, n_clusters=3"
Bandpower + Feature Agglomeration + KNN,57.061562846501026%, 12/19,RH,"[47, 49, 49, 46]","freq bands 4-8,8-13,13-30, k=19, n_clusters=3"
Bandpower + Feature Agglomeration + KNN,66.84042562529045%, 13/19,RH,"[47, 49, 49, 47]","freq bands 4-8,8-13,13-30, k=19, n_clusters=3"
Bandpower + Feature Agglomeration + KNN,68.5157855635695%, 14/19,RH,"[47, 49, 49, 48]","freq bands 4-8,8-13,13-30, k=19, n_clusters=3"
Bandpower + Feature Agglomeration + KNN,74.24258861585731%, 15/19,RH,"[47, 49, 49, 49]","freq bands 4-8,8-13,13-30, k=19, n_clusters=3"
Bandpower + Feature Agglomeration + KNN,64.47903760196523%, 12/19,RH,"[47, 49, 49, 50]","freq bands 4-8,8-13,13-30, k=19, n_clusters=3"
Bandpower + Feature Agglomeration + KNN,68.41396701339953%, 13/19,RH,"[47, 49, 49, 51]","freq bands 4-8,8-13,13-30, k=19, n_clusters=3"
Bandpower + Feature Agglomeration + KNN,62.610704394669234%, 13/19,RH,"[47, 49, 49, 52]","freq bands 4-8,8-13,13-30, k=19, n_clusters=3"
Bandpower + Feature Agglomeration + KNN,45.5356173567679%, 9/19,RH,"[47, 49, 49, 53]","freq bands 4-8,8-13,13-30, k=19, n_clusters=3"
Bandpower + Feature Agglomeration + KNN,57.874293920083886%, 12/19,RH,"[47, 49, 49, 54]","freq bands 4-8,8-13,13-30, k=19, n_clusters=3"
Bandpower + Feature Agglomeration + KNN,48.60539878393346%, 9/19,RH,"[47, 49, 49, 55]","freq bands 4-8,8-13,13-30, k=19, n_clusters=3"
Bandpower + Feature Agglomeration + KNN,51.61517700724308%, 8/19,RH,"[47, 49, 49, 56]","freq bands 4-8,8-13,13-30, k=19, n_clusters=3"
Bandpower + Feature Agglomeration + KNN,59.54249965018734%, 13/19,RH,"[47, 49, 49, 57]","freq bands 4-8,8-13,13-30, k=19, n_clusters=3"
Bandpower + Feature Agglomeration + KNN,59.33265186558234%, 10/19,RH,"[47, 49, 49, 58]","freq bands 4-8,8-13,13-30, k=19, n_clusters=3"
Bandpower + Feature Agglomeration + KNN,56.73576023871223%, 10/19,RH,"[47, 49, 49, 59]","freq bands 4-8,8-13,13-30, k=19, n_clusters=3"
Bandpower + Feature Agglomeration + KNN,54.68406078629277%, 9/19,RH,"[47, 49, 49, 60]","freq bands 4-8,8-13,13-30, k=19, n_clusters=3"
Bandpower + Feature Agglomeration + KNN,52.29364665238796%, 11/19,RH,"[47, 49, 49, 49, 0]","freq bands 4-8,8-13,13-30, k=19, n_clusters=3"
Bandpower + Feature Agglomeration + KNN,55.64414110921992%, 10/19,RH,"[47, 49, 49, 49, 1]","freq bands 4-8,8-13,13-30, k=19, n_clusters=3"
Bandpower + Feature Agglomeration + KNN,53.234045088676964%, 10/19,RH,"[47, 49, 49, 49, 2]","freq bands 4-8,8-13,13-30, k=19, n_clusters=3"
Bandpower + Feature Agglomeration + KNN,53.762648791867704%, 10/19,RH,"[47, 49, 49, 49, 3]","freq bands 4-8,8-13,13-30, k=19, n_clusters=3"
Bandpower + Feature Agglomeration + KNN,69.01249931887614%, 14/19,RH,"[47, 49, 49, 49, 4]","freq bands 4-8,8-13,13-30, k=19, n_clusters=3"
Bandpower + Feature Agglomeration + KNN,50.47541753406405%, 10/19,RH,"[47, 49, 49, 49, 5]","freq bands 4-8,8-13,13-30, k=19, n_clusters=3"
Bandpower + Feature Agglomeration + KNN,57.60178173105627%, 11/19,RH,"[47, 49, 49, 49, 6]","freq bands 4-8,8-13,13-30, k=19, n_clusters=3"
Bandpower + Feature Agglomeration + KNN,54.577453004025976%, 10/19,RH,"[47, 49, 49, 49, 7]","freq bands 4-8,8-13,13-30, k=19, n_clusters=3"
Bandpower + Feature Agglomeration + KNN,57.965010628444524%, 12/19,RH,"[47, 49, 49, 49, 8]","freq bands 4-8,8-13,13-30, k=19, n_clusters=3"
Bandpower + Feature Agglomeration + KNN,72.43543597892298%, 14/19,RH,"[47, 49, 49, 49, 9]","freq bands 4-8,8-13,13-30, k=19, n_clusters=3"
Bandpower + Feature Agglomeration + KNN,70.42077057321315%, 15/19,RH,"[47, 49, 49, 49, 10]","freq bands 4-8,8-13,13-30, k=19, n_clusters=3"
Bandpower + Feature Agglomeration + KNN,67.68755160283155%, 15/19,RH,"[47, 49, 49, 49, 11]","freq bands 4-8,8-13,13-30, k=19, n_clusters=3"
Bandpower + Feature Agglomeration + KNN,60.38992039321964%, 12/19,RH,"[47, 49, 49, 49, 12]","freq bands 4-8,8-13,13-30, k=19, n_clusters=3"
Bandpower + Feature Agglomeration + KNN,56.894604817328634%, 12/19,RH,"[47, 49, 49, 49, 13]","freq bands 4-8,8-13,13-30, k=19, n_clusters=3"
Bandpower + Feature Agglomeration + KNN,69.72373090596766%, 14/19,RH,"[47, 49, 49, 49, 14]","freq bands 4-8,8-13,13-30, k=19, n_clusters=3"
Bandpower + Feature Agglomeration + KNN,54.12698364001257%, 9/19,RH,"[47, 49, 49, 49, 15]","freq bands 4-8,8-13,13-30, k=19, n_clusters=3"
Bandpower + Feature Agglomeration + KNN,64.70151212458265%, 12/19,RH,"[47, 49, 49, 49, 16]","freq bands 4-8,8-13,13-30, k=19, n_clusters=3"
Bandpower + Feature Agglomeration + KNN,59.406215996236654%, 11/19,RH,"[47, 49, 49, 49, 17]","freq bands 4-8,8-13,13-30, k=19, n_clusters=3"
Bandpower + Feature Agglomeration + KNN,50.648971545492635%, 9/19,RH,"[47, 49, 49, 49, 18]","freq bands 4-8,8-13,13-30, k=19, n_clusters=3"
Bandpower + Feature Agglomeration + KNN,58.94957490470585%, 12/19,RH,"[47, 49, 49, 49, 19]","freq bands 4-8,8-13,13-30, k=19, n_clusters=3"
Bandpower + Feature Agglomeration + KNN,70.05322272448635%, 13/19,RH,"[47, 49, 49, 49, 20]","freq bands 4-8,8-13,13-30, k=19, n_clusters=3"
Bandpower + Feature Agglomeration + KNN,56.04043449854893%, 11/19,RH,"[47, 49, 49, 49, 21]","freq bands 4-8,8-13,13-30, k=19, n_clusters=3"
Bandpower + Feature Agglomeration + KNN,64.69733325719307%, 13/19,RH,"[47, 49, 49, 49, 22]","freq bands 4-8,8-13,13-30, k=19, n_clusters=3"
Bandpower + Feature Agglomeration + KNN,63.40410210662524%, 13/19,RH,"[47, 49, 49, 49, 23]","freq bands 4-8,8-13,13-30, k=19, n_clusters=3"
Bandpower + Feature Agglomeration + KNN,56.02163325879271%, 12/19,RH,"[47, 49, 49, 49, 24]","freq bands 4-8,8-13,13-30, k=19, n_clusters=3"
Bandpower + Feature Agglomeration + KNN,52.170978910737475%, 8/19,RH,"[47, 49, 49, 49, 25]","freq bands 4-8,8-13,13-30, k=19, n_clusters=3"
Bandpower + Feature Agglomeration + KNN,59.45674518896716%, 12/19,RH,"[47, 49, 49, 49, 26]","freq bands 4-8,8-13,13-30, k=19, n_clusters=3"
Bandpower + Feature Agglomeration + KNN,65.39643113009294%, 13/19,RH,"[47, 49, 49, 49, 27]","freq bands 4-8,8-13,13-30, k=19, n_clusters=3"
Bandpower + Feature Agglomeration + KNN,58.41197504530828%, 11/19,RH,"[47, 49, 49, 49, 28]","freq bands 4-8,8-13,13-30, k=19, n_clusters=3"
Bandpower + Feature Agglomeration + KNN,65.79256595389896%, 13/19,RH,"[47, 49, 49, 49, 29]","freq bands 4-8,8-13,13-30, k=19, n_clusters=3"
Bandpower + Feature Agglomeration + KNN,54.75740101900332%, 11/19,RH,"[47, 49, 49, 49, 30]","freq bands 4-8,8-13,13-30, k=19, n_clusters=3"
Bandpower + Feature Agglomeration + KNN,62.25828153222126%, 12/19,RH,"[47, 49, 49, 49, 31]","freq bands 4-8,8-13,13-30, k=19, n_clusters=3"
Bandpower + Feature Agglomeration + KNN,62.04321812837205%, 13/19,RH,"[47, 49, 49, 49, 32]","freq bands 4-8,8-13,13-30, k=19, n_clusters=3"
Bandpower + Feature Agglomeration + KNN,66.30416580433759%, 13/19,RH,"[47, 49, 49, 49, 33]","freq bands 4-8,8-13,13-30, k=19, n_clusters=3"
Bandpower + Feature Agglomeration + KNN,65.24514442145937%, 13/19,RH,"[47, 49, 49, 49, 34]","freq bands 4-8,8-13,13-30, k=19, n_clusters=3"
Bandpower + Feature Agglomeration + KNN,69.56828190295428%, 14/19,RH,"[47, 49, 49, 49, 35]","freq bands 4-8,8-13,13-30, k=19, n_clusters=3"
Bandpower + Feature Agglomeration + KNN,63.722323109343904%, 14/19,RH,"[47, 49, 49, 49, 36]","freq bands 4-8,8-13,13-30, k=19, n_clusters=3"
Bandpower + Feature Agglomeration + KNN,52.022797270325896%, 10/19,RH,"[47, 49, 49, 49, 37]","freq bands 4-8,8-13,13-30, k=19, n_clusters=3"
Bandpower + Feature Agglomeration + KNN,57.010156277427804%, 10/19,RH,"[47, 49, 49, 49, 38]","freq bands 4-8,8-13,13-30, k=19, n_clusters=3"
Bandpower + Feature Agglomeration + KNN,44.59975106281723%, 8/19,RH,"[47, 49, 49, 49, 39]","freq bands 4-8,8-13,13-30, k=19, n_clusters=3"
Bandpower + Feature Agglomeration + KNN,48.344099790990605%, 9/19,RH,"[47, 49, 49, 49, 40]","freq bands 4-8,8-13,13-30, k=19, n_clusters=3"
Bandpower + Feature Agglomeration + KNN,63.9293194168956%, 13/19,RH,"[47, 49, 49, 49, 41]","freq bands 4-8,8-13,13-30, k=19, n_clusters=3"
Bandpower + Feature Agglomeration + KNN,52.713662779466866%, 10/19,RH,"[47, 49, 49, 49, 42]","freq bands 4-8,8-13,13-30, k=19, n_clusters=3"
Bandpower + Feature Agglomeration + KNN,67.22161064278268%, 14/19,RH,"[47, 49, 49, 49, 43]","freq bands 4-8,8-13,13-30, k=19, n_clusters=3"
Bandpower + Feature Agglomeration + KNN,58.87147495115056%, 10/19,RH,"[47, 49, 49, 49, 44]","freq bands 4-8,8-13,13-30, k=19, n_clusters=3"
Bandpower + Feature Agglomeration + KNN,55.44535549964659%, 10/19,RH,"[47, 49, 49, 49, 45]","freq bands 4-8,8-13,13-30, k=19, n_clusters=3"
Bandpower + Feature Agglomeration + KNN,57.89902530734214%, 11/19,RH,"[47, 49, 49, 49, 46]","freq bands 4-8,8-13,13-30, k=19, n_clusters=3"
Bandpower + Feature Agglomeration + KNN,67.95391598651223%, 13/19,RH,"[47, 49, 49, 49, 47]","freq bands 4-8,8-13,13-30, k=19, n_clusters=3"
Bandpower + Feature Agglomeration + KNN,67.11708013439316%, 14/19,RH,"[47, 49, 49, 49, 48]","freq bands 4-8,8-13,13-30, k=19, n_clusters=3"
Bandpower + Feature Agglomeration + KNN,71.4239552767946%, 15/19,RH,"[47, 49, 49, 49, 49]","freq bands 4-8,8-13,13-30, k=19, n_clusters=3"
Bandpower + Feature Agglomeration + KNN,63.85214232497655%, 12/19,RH,"[47, 49, 49, 49, 50]","freq bands 4-8,8-13,13-30, k=19, n_clusters=3"
Bandpower + Feature Agglomeration + KNN,65.89569188967019%, 12/19,RH,"[47, 49, 49, 49, 51]","freq bands 4-8,8-13,13-30, k=19, n_clusters=3"
Bandpower + Feature Agglomeration + KNN,57.34206237992807%, 11/19,RH,"[47, 49, 49, 49, 52]","freq bands 4-8,8-13,13-30, k=19, n_clusters=3"
Bandpower + Feature Agglomeration + KNN,56.87422918322254%, 10/19,RH,"[47, 49, 49, 49, 53]","freq bands 4-8,8-13,13-30, k=19, n_clusters=3"
Bandpower + Feature Agglomeration + KNN,53.24830669975702%, 11/19,RH,"[47, 49, 49, 49, 54]","freq bands 4-8,8-13,13-30, k=19, n_clusters=3"
Bandpower + Feature Agglomeration + KNN,54.48019564987136%, 10/19,RH,"[47, 49, 49, 49, 55]","freq bands 4-8,8-13,13-30, k=19, n_clusters=3"
Bandpower + Feature Agglomeration + KNN,46.41968999183043%, 8/19,RH,"[47, 49, 49, 49, 56]","freq bands 4-8,8-13,13-30, k=19, n_clusters=3"
Bandpower + Feature Agglomeration + KNN,60.895183789961216%, 13/19,RH,"[47, 49, 49, 49, 57]","freq bands 4-8,8-13,13-30, k=19, n_clusters=3"
Bandpower + Feature Agglomeration + KNN,52.069479378194536%, 9/19,RH,"[47, 49, 49, 49, 58]","freq bands 4-8,8-13,13-30, k=19, n_clusters=3"
Bandpower + Feature Agglomeration + KNN,46.999078834954936%, 9/19,RH,"[47, 49, 49, 49, 59]","freq bands 4-8,8-13,13-30, k=19, n_clusters=3"
Bandpower + Feature Agglomeration + KNN,59.53475126912831%, 10/19,RH,"[47, 49, 49, 49, 60]","freq bands 4-8,8-13,13-30, k=19, n_clusters=3"
Bandpower + Feature Agglomeration + KNN,72.39406262917343%, 15/19,RH,"[47, 49, 49, 49]","freq bands 4-8,8-13,13-30, k=11, n_clusters=3"
Bandpower + Feature Agglomeration + KNN,73.82906037996065%, 15/19,RH,"[47, 49, 49, 49]","freq bands 4-8,8-13,13-30, k=12, n_clusters=3"
Bandpower + Feature Agglomeration + KNN,72.67254371996835%, 15/19,RH,"[47, 49, 49, 49]","freq bands 4-8,8-13,13-30, k=13, n_clusters=3"
Bandpower + Feature Agglomeration + KNN,73.49994482174293%, 15/19,RH,"[47, 49, 49, 49]","freq bands 4-8,8-13,13-30, k=14, n_clusters=3"
Bandpower + Feature Agglomeration + KNN,73.39438978739534%, 15/19,RH,"[47, 49, 49, 49]","freq bands 4-8,8-13,13-30, k=15, n_clusters=3"
Bandpower + Feature Agglomeration + KNN,73.66363809727832%, 15/19,RH,"[47, 49, 49, 49]","freq bands 4-8,8-13,13-30, k=16, n_clusters=3"
Bandpower + Feature Agglomeration + KNN,73.63564195627909%, 15/19,RH,"[47, 49, 49, 49]","freq bands 4-8,8-13,13-30, k=17, n_clusters=3"
Bandpower + Feature Agglomeration + KNN,74.34193996728622%, 15/19,RH,"[47, 49, 49, 49]","freq bands 4-8,8-13,13-30, k=18, n_clusters=3"
Bandpower + Feature Agglomeration + KNN,74.24258861585731%, 15/19,RH,"[47, 49, 49, 49]","freq bands 4-8,8-13,13-30, k=19, n_clusters=3"
Bandpower + Feature Agglomeration + KNN,74.56173576602939%, 15/19,RH,"[47, 49, 49, 49]","freq bands 4-8,8-13,13-30, k=20, n_clusters=3"
Bandpower + Feature Agglomeration + KNN,74.34607966671679%, 15/19,RH,"[47, 49, 49, 49]","freq bands 4-8,8-13,13-30, k=21, n_clusters=3"
Bandpower + Feature Agglomeration + KNN,74.56953303698455%, 15/19,RH,"[47, 49, 49, 49]","freq bands 4-8,8-13,13-30, k=22, n_clusters=3"
Bandpower + Feature Agglomeration + KNN,73.93459641312828%, 15/19,RH,"[47, 49, 49, 49]","freq bands 4-8,8-13,13-30, k=23, n_clusters=3"
Bandpower + Feature Agglomeration + KNN,74.56173576602939%, 15/19,RH,"[47, 49, 49, 49]","freq bands 4-8,8-13,13-30, k=24, n_clusters=3"
Bandpower + Feature Agglomeration + KNN,74.32836792324328%, 15/19,RH,"[47, 49, 49, 49]","freq bands 4-8,8-13,13-30, k=25, n_clusters=3"
Bandpower + Feature Agglomeration + KNN,74.63192053150503%, 15/19,RH,"[47, 49, 49, 49]","freq bands 4-8,8-13,13-30, k=26, n_clusters=3"
Bandpower + Feature Agglomeration + KNN,74.23267414333895%, 15/19,RH,"[47, 49, 49, 49]","freq bands 4-8,8-13,13-30, k=27, n_clusters=3"
Bandpower + Feature Agglomeration + KNN,74.65761608351636%, 15/19,RH,"[47, 49, 49, 49]","freq bands 4-8,8-13,13-30, k=28, n_clusters=3"
Bandpower + Feature Agglomeration + KNN,74.50701496615623%, 15/19,RH,"[47, 49, 49, 49]","freq bands 4-8,8-13,13-30, k=29, n_clusters=3"
Bandpower + Feature Agglomeration + KNN,74.62959885605315%, 15/19,RH,"[47, 49, 49, 49]","freq bands 4-8,8-13,13-30, k=30, n_clusters=3"
Bandpower + Feature Agglomeration + KNN,65.60526631050823%, 14/19,RH,"[47, 49, 49, 49]","freq bands 4-8,8-13,13-30, k=1, n_clusters=3"
Bandpower + Feature Agglomeration + KNN,72.97638385820721%, 15/19,RH,"[47, 49, 49, 49]","freq bands 4-8,8-13,13-30, k=6, n_clusters=3"
Bandpower + Feature Agglomeration + KNN,72.39406262917343%, 15/19,RH,"[47, 49, 49, 49]","freq bands 4-8,8-13,13-30, k=11, n_clusters=3"
Bandpower + Feature Agglomeration + KNN,73.66363809727832%, 15/19,RH,"[47, 49, 49, 49]","freq bands 4-8,8-13,13-30, k=16, n_clusters=3"
Bandpower + Feature Agglomeration + KNN,74.34607966671679%, 15/19,RH,"[47, 49, 49, 49]","freq bands 4-8,8-13,13-30, k=21, n_clusters=3"
Bandpower + Feature Agglomeration + KNN,74.63192053150503%, 15/19,RH,"[47, 49, 49, 49]","freq bands 4-8,8-13,13-30, k=26, n_clusters=3"
Bandpower + Feature Agglomeration + KNN,74.2135353873581%, 15/19,RH,"[47, 49, 49, 49]","freq bands 4-8,8-13,13-30, k=31, n_clusters=3"
Bandpower + Feature Agglomeration + KNN,74.72501685394793%, 15/19,RH,"[47, 49, 49, 49]","freq bands 4-8,8-13,13-30, k=36, n_clusters=3"
Bandpower + Feature Agglomeration + KNN,74.60813040603655%, 15/19,RH,"[47, 49, 49, 49]","freq bands 4-8,8-13,13-30, k=41, n_clusters=3"
Bandpower + Feature Agglomeration + KNN,74.45221421180767%, 15/19,RH,"[47, 49, 49, 49]","freq bands 4-8,8-13,13-30, k=46, n_clusters=3"
Bandpower + Feature Agglomeration + KNN,75.23931615264921%, 15/19,RH,"[47, 49, 49, 49]","freq bands 4-8,8-13,13-30, k=51, n_clusters=3"
Bandpower + Feature Agglomeration + KNN,75.77566966268695%, 15/19,RH,"[47, 49, 49, 49]","freq bands 4-8,8-13,13-30, k=56, n_clusters=3"
Bandpower + Feature Agglomeration + KNN,75.66527672126907%, 15/19,RH,"[47, 49, 49, 49]","freq bands 4-8,8-13,13-30, k=61, n_clusters=3"
Bandpower + Feature Agglomeration + KNN,75.8834651466434%, 15/19,RH,"[47, 49, 49, 49]","freq bands 4-8,8-13,13-30, k=66, n_clusters=3"
Bandpower + Feature Agglomeration + KNN,75.99813912558332%, 15/19,RH,"[47, 49, 49, 49]","freq bands 4-8,8-13,13-30, k=71, n_clusters=3"
Bandpower + Feature Agglomeration + KNN,76.20634978890234%, 15/19,RH,"[47, 49, 49, 49]","freq bands 4-8,8-13,13-30, k=76, n_clusters=3"
Bandpower + Feature Agglomeration + KNN,76.59375104056953%, 16/19,RH,"[47, 49, 49, 49]","freq bands 4-8,8-13,13-30, k=81, n_clusters=3"
Bandpower + Feature Agglomeration + KNN,76.42383795375892%, 16/19,RH,"[47, 49, 49, 49]","freq bands 4-8,8-13,13-30, k=86, n_clusters=3"
Bandpower + Feature Agglomeration + KNN,76.5053109861852%, 16/19,RH,"[47, 49, 49, 49]","freq bands 4-8,8-13,13-30, k=91, n_clusters=3"
Bandpower + Feature Agglomeration + KNN,76.2511055630047%, 16/19,RH,"[47, 49, 49, 49]","freq bands 4-8,8-13,13-30, k=96, n_clusters=3"
Bandpower + Feature Agglomeration + KNN,76.08227439417354%, 16/19,RH,"[47, 49, 49, 49]","freq bands 4-8,8-13,13-30, k=101, n_clusters=3"
Bandpower + Feature Agglomeration + KNN,75.75397607660929%, 16/19,RH,"[47, 49, 49, 49]","freq bands 4-8,8-13,13-30, k=106, n_clusters=3"
Bandpower + Feature Agglomeration + KNN,75.88043190251108%, 16/19,RH,"[47, 49, 49, 49]","freq bands 4-8,8-13,13-30, k=111, n_clusters=3"
Bandpower + Feature Agglomeration + KNN,75.35111335761083%, 16/19,RH,"[47, 49, 49, 49]","freq bands 4-8,8-13,13-30, k=116, n_clusters=3"
Bandpower + Feature Agglomeration + KNN,75.26698964964812%, 16/19,RH,"[47, 49, 49, 49]","freq bands 4-8,8-13,13-30, k=121, n_clusters=3"
Bandpower + Feature Agglomeration + KNN,75.0936656682746%, 15/19,RH,"[47, 49, 49, 49]","freq bands 4-8,8-13,13-30, k=126, n_clusters=3"
Bandpower + Feature Agglomeration + KNN,74.52102526876439%, 15/19,RH,"[47, 49, 49, 49]","freq bands 4-8,8-13,13-30, k=131, n_clusters=3"
Bandpower + Feature Agglomeration + KNN,74.55691709828504%, 15/19,RH,"[47, 49, 49, 49]","freq bands 4-8,8-13,13-30, k=136, n_clusters=3"
Bandpower + Feature Agglomeration + KNN,74.7340839106156%, 15/19,RH,"[47, 49, 49, 49]","freq bands 4-8,8-13,13-30, k=141, n_clusters=3"
Bandpower + Feature Agglomeration + KNN,74.6561711867032%, 15/19,RH,"[47, 49, 49, 49]","freq bands 4-8,8-13,13-30, k=146, n_clusters=3"
Bandpower + Feature Agglomeration + KNN,74.73837097111907%, 15/19,RH,"[47, 49, 49, 49]","freq bands 4-8,8-13,13-30, k=151, n_clusters=3"
Bandpower + Feature Agglomeration + KNN,74.46411683341371%, 15/19,RH,"[47, 49, 49, 49]","freq bands 4-8,8-13,13-30, k=156, n_clusters=3"
Bandpower + Feature Agglomeration + KNN,74.54400429638739%, 14/19,RH,"[47, 49, 49, 49]","freq bands 4-8,8-13,13-30, k=161, n_clusters=3"
Bandpower + Feature Agglomeration + KNN,74.2908561415772%, 15/19,RH,"[47, 49, 49, 49]","freq bands 4-8,8-13,13-30, k=166, n_clusters=3"
Bandpower + Feature Agglomeration + KNN,74.66599713224694%, 14/19,RH,"[47, 49, 49, 49]","freq bands 4-8,8-13,13-30, k=171, n_clusters=3"
Bandpower + Feature Agglomeration + KNN,74.57476634238488%, 14/19,RH,"[47, 49, 49, 49]","freq bands 4-8,8-13,13-30, k=176, n_clusters=3"
Bandpower + Feature Agglomeration + KNN,74.7491789821715%, 14/19,RH,"[47, 49, 49, 49]","freq bands 4-8,8-13,13-30, k=181, n_clusters=3"
Bandpower + Feature Agglomeration + KNN,74.65171309523191%, 14/19,RH,"[47, 49, 49, 49]","freq bands 4-8,8-13,13-30, k=186, n_clusters=3"
Bandpower + Feature Agglomeration + KNN,74.93397443705005%, 15/19,RH,"[47, 49, 49, 49]","freq bands 4-8,8-13,13-30, k=191, n_clusters=3"
Bandpower + Feature Agglomeration + KNN,74.473435796456%, 15/19,RH,"[47, 49, 49, 49]","freq bands 4-8,8-13,13-30, k=196, n_clusters=3"
Bandpower + Feature Agglomeration + KNN,54.463580696232974%, 12/19,RH,"[47, 49, 49, 49, 0]","freq bands 4-8,8-13,13-30, k=81, n_clusters=3"
Bandpower + Feature Agglomeration + KNN,58.42257459946926%, 11/19,RH,"[47, 49, 49, 49, 1]","freq bands 4-8,8-13,13-30, k=81, n_clusters=3"
Bandpower + Feature Agglomeration + KNN,57.05058632481595%, 10/19,RH,"[47, 49, 49, 49, 2]","freq bands 4-8,8-13,13-30, k=81, n_clusters=3"
Bandpower + Feature Agglomeration + KNN,59.602605201816814%, 12/19,RH,"[47, 49, 49, 49, 3]","freq bands 4-8,8-13,13-30, k=81, n_clusters=3"
Bandpower + Feature Agglomeration + KNN,72.6320794461889%, 14/19,RH,"[47, 49, 49, 49, 4]","freq bands 4-8,8-13,13-30, k=81, n_clusters=3"
Bandpower + Feature Agglomeration + KNN,54.56108957764051%, 11/19,RH,"[47, 49, 49, 49, 5]","freq bands 4-8,8-13,13-30, k=81, n_clusters=3"
Bandpower + Feature Agglomeration + KNN,62.67888489953635%, 11/19,RH,"[47, 49, 49, 49, 6]","freq bands 4-8,8-13,13-30, k=81, n_clusters=3"
Bandpower + Feature Agglomeration + KNN,53.10096058981591%, 11/19,RH,"[47, 49, 49, 49, 7]","freq bands 4-8,8-13,13-30, k=81, n_clusters=3"
Bandpower + Feature Agglomeration + KNN,54.05434061624565%, 9/19,RH,"[47, 49, 49, 49, 8]","freq bands 4-8,8-13,13-30, k=81, n_clusters=3"
Bandpower + Feature Agglomeration + KNN,75.90557938876557%, 15/19,RH,"[47, 49, 49, 49, 9]","freq bands 4-8,8-13,13-30, k=81, n_clusters=3"
Bandpower + Feature Agglomeration + KNN,74.43769617206219%, 16/19,RH,"[47, 49, 49, 49, 10]","freq bands 4-8,8-13,13-30, k=81, n_clusters=3"
Bandpower + Feature Agglomeration + KNN,68.28308352304659%, 13/19,RH,"[47, 49, 49, 49, 11]","freq bands 4-8,8-13,13-30, k=81, n_clusters=3"
Bandpower + Feature Agglomeration + KNN,64.5505611892988%, 13/19,RH,"[47, 49, 49, 49, 12]","freq bands 4-8,8-13,13-30, k=81, n_clusters=3"
Bandpower + Feature Agglomeration + KNN,56.31880667760829%, 10/19,RH,"[47, 49, 49, 49, 13]","freq bands 4-8,8-13,13-30, k=81, n_clusters=3"
Bandpower + Feature Agglomeration + KNN,69.41878843024269%, 15/19,RH,"[47, 49, 49, 49, 14]","freq bands 4-8,8-13,13-30, k=81, n_clusters=3"
Bandpower + Feature Agglomeration + KNN,55.70351412822744%, 10/19,RH,"[47, 49, 49, 49, 15]","freq bands 4-8,8-13,13-30, k=81, n_clusters=3"
Bandpower + Feature Agglomeration + KNN,65.97751321049266%, 13/19,RH,"[47, 49, 49, 49, 16]","freq bands 4-8,8-13,13-30, k=81, n_clusters=3"
Bandpower + Feature Agglomeration + KNN,60.69792463840227%, 12/19,RH,"[47, 49, 49, 49, 17]","freq bands 4-8,8-13,13-30, k=81, n_clusters=3"
Bandpower + Feature Agglomeration + KNN,54.608782739717476%, 11/19,RH,"[47, 49, 49, 49, 18]","freq bands 4-8,8-13,13-30, k=81, n_clusters=3"
Bandpower + Feature Agglomeration + KNN,61.584476100270926%, 14/19,RH,"[47, 49, 49, 49, 19]","freq bands 4-8,8-13,13-30, k=81, n_clusters=3"
Bandpower + Feature Agglomeration + KNN,72.26059203305822%, 13/19,RH,"[47, 49, 49, 49, 20]","freq bands 4-8,8-13,13-30, k=81, n_clusters=3"
Bandpower + Feature Agglomeration + KNN,61.65913426399076%, 12/19,RH,"[47, 49, 49, 49, 21]","freq bands 4-8,8-13,13-30, k=81, n_clusters=3"
Bandpower + Feature Agglomeration + KNN,67.29254251977433%, 13/19,RH,"[47, 49, 49, 49, 22]","freq bands 4-8,8-13,13-30, k=81, n_clusters=3"
Bandpower + Feature Agglomeration + KNN,66.39518311925433%, 13/19,RH,"[47, 49, 49, 49, 23]","freq bands 4-8,8-13,13-30, k=81, n_clusters=3"
Bandpower + Feature Agglomeration + KNN,58.92609282930849%, 12/19,RH,"[47, 49, 49, 49, 24]","freq bands 4-8,8-13,13-30, k=81, n_clusters=3"
Bandpower + Feature Agglomeration + KNN,54.304097674229936%, 10/19,RH,"[47, 49, 49, 49, 25]","freq bands 4-8,8-13,13-30, k=81, n_clusters=3"
Bandpower + Feature Agglomeration + KNN,60.99476565127%, 10/19,RH,"[47, 49, 49, 49, 26]","freq bands 4-8,8-13,13-30, k=81, n_clusters=3"
Bandpower + Feature Agglomeration + KNN,67.4638685303383%, 13/19,RH,"[47, 49, 49, 49, 27]","freq bands 4-8,8-13,13-30, k=81, n_clusters=3"
Bandpower + Feature Agglomeration + KNN,59.75147068143743%, 11/19,RH,"[47, 49, 49, 49, 28]","freq bands 4-8,8-13,13-30, k=81, n_clusters=3"
Bandpower + Feature Agglomeration + KNN,69.01734357080812%, 14/19,RH,"[47, 49, 49, 49, 29]","freq bands 4-8,8-13,13-30, k=81, n_clusters=3"
Bandpower + Feature Agglomeration + KNN,60.447753804209825%, 12/19,RH,"[47, 49, 49, 49, 30]","freq bands 4-8,8-13,13-30, k=81, n_clusters=3"
Bandpower + Feature Agglomeration + KNN,63.771035752277996%, 12/19,RH,"[47, 49, 49, 49, 31]","freq bands 4-8,8-13,13-30, k=81, n_clusters=3"
Bandpower + Feature Agglomeration + KNN,64.97983627381136%, 12/19,RH,"[47, 49, 49, 49, 32]","freq bands 4-8,8-13,13-30, k=81, n_clusters=3"
Bandpower + Feature Agglomeration + KNN,67.37178992637108%, 13/19,RH,"[47, 49, 49, 49, 33]","freq bands 4-8,8-13,13-30, k=81, n_clusters=3"
Bandpower + Feature Agglomeration + KNN,68.10917947419904%, 14/19,RH,"[47, 49, 49, 49, 34]","freq bands 4-8,8-13,13-30, k=81, n_clusters=3"
Bandpower + Feature Agglomeration + KNN,70.55334636561408%, 13/19,RH,"[47, 49, 49, 49, 35]","freq bands 4-8,8-13,13-30, k=81, n_clusters=3"
Bandpower + Feature Agglomeration + KNN,65.10108771378668%, 13/19,RH,"[47, 49, 49, 49, 36]","freq bands 4-8,8-13,13-30, k=81, n_clusters=3"
Bandpower + Feature Agglomeration + KNN,52.68613696913936%, 10/19,RH,"[47, 49, 49, 49, 37]","freq bands 4-8,8-13,13-30, k=81, n_clusters=3"
Bandpower + Feature Agglomeration + KNN,58.849006118683455%, 10/19,RH,"[47, 49, 49, 49, 38]","freq bands 4-8,8-13,13-30, k=81, n_clusters=3"
Bandpower + Feature Agglomeration + KNN,49.57010285482216%, 10/19,RH,"[47, 49, 49, 49, 39]","freq bands 4-8,8-13,13-30, k=81, n_clusters=3"
Bandpower + Feature Agglomeration + KNN,52.26168294413828%, 10/19,RH,"[47, 49, 49, 49, 40]","freq bands 4-8,8-13,13-30, k=81, n_clusters=3"
Bandpower + Feature Agglomeration + KNN,63.00821889958949%, 12/19,RH,"[47, 49, 49, 49, 41]","freq bands 4-8,8-13,13-30, k=81, n_clusters=3"
Bandpower + Feature Agglomeration + KNN,57.45692500730301%, 11/19,RH,"[47, 49, 49, 49, 42]","freq bands 4-8,8-13,13-30, k=81, n_clusters=3"
Bandpower + Feature Agglomeration + KNN,64.07999531742249%, 12/19,RH,"[47, 49, 49, 49, 43]","freq bands 4-8,8-13,13-30, k=81, n_clusters=3"
Bandpower + Feature Agglomeration + KNN,61.01263373686178%, 12/19,RH,"[47, 49, 49, 49, 44]","freq bands 4-8,8-13,13-30, k=81, n_clusters=3"
Bandpower + Feature Agglomeration + KNN,58.30918193524109%, 10/19,RH,"[47, 49, 49, 49, 45]","freq bands 4-8,8-13,13-30, k=81, n_clusters=3"
Bandpower + Feature Agglomeration + KNN,60.49159031692618%, 11/19,RH,"[47, 49, 49, 49, 46]","freq bands 4-8,8-13,13-30, k=81, n_clusters=3"
Bandpower + Feature Agglomeration + KNN,71.6940680202418%, 14/19,RH,"[47, 49, 49, 49, 47]","freq bands 4-8,8-13,13-30, k=81, n_clusters=3"
Bandpower + Feature Agglomeration + KNN,69.12306715803945%, 14/19,RH,"[47, 49, 49, 49, 48]","freq bands 4-8,8-13,13-30, k=81, n_clusters=3"
Bandpower + Feature Agglomeration + KNN,72.46016050482811%, 15/19,RH,"[47, 49, 49, 49, 49]","freq bands 4-8,8-13,13-30, k=81, n_clusters=3"
Bandpower + Feature Agglomeration + KNN,68.50799861799634%, 12/19,RH,"[47, 49, 49, 49, 50]","freq bands 4-8,8-13,13-30, k=81, n_clusters=3"
Bandpower + Feature Agglomeration + KNN,68.29730528993927%, 14/19,RH,"[47, 49, 49, 49, 51]","freq bands 4-8,8-13,13-30, k=81, n_clusters=3"
Bandpower + Feature Agglomeration + KNN,67.18779907902837%, 13/19,RH,"[47, 49, 49, 49, 52]","freq bands 4-8,8-13,13-30, k=81, n_clusters=3"
Bandpower + Feature Agglomeration + KNN,64.35806169654914%, 11/19,RH,"[47, 49, 49, 49, 53]","freq bands 4-8,8-13,13-30, k=81, n_clusters=3"
Bandpower + Feature Agglomeration + KNN,57.06279834372297%, 11/19,RH,"[47, 49, 49, 49, 54]","freq bands 4-8,8-13,13-30, k=81, n_clusters=3"
Bandpower + Feature Agglomeration + KNN,61.955527005776034%, 12/19,RH,"[47, 49, 49, 49, 55]","freq bands 4-8,8-13,13-30, k=81, n_clusters=3"
Bandpower + Feature Agglomeration + KNN,48.90662361954987%, 8/19,RH,"[47, 49, 49, 49, 56]","freq bands 4-8,8-13,13-30, k=81, n_clusters=3"
Bandpower + Feature Agglomeration + KNN,66.72030632558598%, 14/19,RH,"[47, 49, 49, 49, 57]","freq bands 4-8,8-13,13-30, k=81, n_clusters=3"
Bandpower + Feature Agglomeration + KNN,57.60555634810311%, 11/19,RH,"[47, 49, 49, 49, 58]","freq bands 4-8,8-13,13-30, k=81, n_clusters=3"
Bandpower + Feature Agglomeration + KNN,51.20434071415892%, 9/19,RH,"[47, 49, 49, 49, 59]","freq bands 4-8,8-13,13-30, k=81, n_clusters=3"
Bandpower + Feature Agglomeration + KNN,64.81927711583423%, 12/19,RH,"[47, 49, 49, 49, 60]","freq bands 4-8,8-13,13-30, k=81, n_clusters=3"
