Bandpower + PCA + SVM,72.45%, 14/19,RH,[0],"freq bands 4-8,8-13,13-30, nu=0.77038, n_components=3"
Bandpower + PCA + SVM,72.91%, 13/19,RH,[1],"freq bands 4-8,8-13,13-30, nu=0.77038, n_components=3"
Bandpower + PCA + SVM,70.06%, 14/19,RH,[2],"freq bands 4-8,8-13,13-30, nu=0.77038, n_components=3"
Bandpower + PCA + SVM,35.60%, 7/19,RH,[3],"freq bands 4-8,8-13,13-30, nu=0.77038, n_components=3"
Bandpower + PCA + SVM,56.89%, 11/19,RH,[4],"freq bands 4-8,8-13,13-30, nu=0.77038, n_components=3"
Bandpower + PCA + SVM,34.68%, 7/19,RH,[5],"freq bands 4-8,8-13,13-30, nu=0.77038, n_components=3"
Bandpower + PCA + SVM,59.13%, 12/19,RH,[6],"freq bands 4-8,8-13,13-30, nu=0.77038, n_components=3"
Bandpower + PCA + SVM,65.83%, 13/19,RH,[7],"freq bands 4-8,8-13,13-30, nu=0.77038, n_components=3"
Bandpower + PCA + SVM,26.03%, 4/19,RH,[8],"freq bands 4-8,8-13,13-30, nu=0.77038, n_components=3"
Bandpower + PCA + SVM,25.77%, 5/19,RH,[9],"freq bands 4-8,8-13,13-30, nu=0.77038, n_components=3"
Bandpower + PCA + SVM,55.97%, 10/19,RH,[10],"freq bands 4-8,8-13,13-30, nu=0.77038, n_components=3"
Bandpower + PCA + SVM,42.81%, 9/19,RH,[11],"freq bands 4-8,8-13,13-30, nu=0.77038, n_components=3"
Bandpower + PCA + SVM,52.17%, 10/19,RH,[12],"freq bands 4-8,8-13,13-30, nu=0.77038, n_components=3"
Bandpower + PCA + SVM,55.18%, 10/19,RH,[13],"freq bands 4-8,8-13,13-30, nu=0.77038, n_components=3"
Bandpower + PCA + SVM,46.08%, 9/19,RH,[14],"freq bands 4-8,8-13,13-30, nu=0.77038, n_components=3"
Bandpower + PCA + SVM,46.84%, 10/19,RH,[15],"freq bands 4-8,8-13,13-30, nu=0.77038, n_components=3"
Bandpower + PCA + SVM,64.79%, 13/19,RH,[16],"freq bands 4-8,8-13,13-30, nu=0.77038, n_components=3"
Bandpower + PCA + SVM,39.28%, 7/19,RH,[17],"freq bands 4-8,8-13,13-30, nu=0.77038, n_components=3"
Bandpower + PCA + SVM,41.00%, 8/19,RH,[18],"freq bands 4-8,8-13,13-30, nu=0.77038, n_components=3"
Bandpower + PCA + SVM,40.89%, 8/19,RH,[19],"freq bands 4-8,8-13,13-30, nu=0.77038, n_components=3"
Bandpower + PCA + SVM,43.20%, 9/19,RH,[20],"freq bands 4-8,8-13,13-30, nu=0.77038, n_components=3"
Bandpower + PCA + SVM,49.77%, 10/19,RH,[21],"freq bands 4-8,8-13,13-30, nu=0.77038, n_components=3"
Bandpower + PCA + SVM,50.48%, 10/19,RH,[22],"freq bands 4-8,8-13,13-30, nu=0.77038, n_components=3"
Bandpower + PCA + SVM,49.05%, 10/19,RH,[23],"freq bands 4-8,8-13,13-30, nu=0.77038, n_components=3"
Bandpower + PCA + SVM,34.63%, 6/19,RH,[24],"freq bands 4-8,8-13,13-30, nu=0.77038, n_components=3"
Bandpower + PCA + SVM,49.17%, 10/19,RH,[25],"freq bands 4-8,8-13,13-30, nu=0.77038, n_components=3"
Bandpower + PCA + SVM,48.22%, 9/19,RH,[26],"freq bands 4-8,8-13,13-30, nu=0.77038, n_components=3"
Bandpower + PCA + SVM,26.44%, 5/19,RH,[27],"freq bands 4-8,8-13,13-30, nu=0.77038, n_components=3"
Bandpower + PCA + SVM,37.34%, 7/19,RH,[28],"freq bands 4-8,8-13,13-30, nu=0.77038, n_components=3"
Bandpower + PCA + SVM,31.95%, 6/19,RH,[29],"freq bands 4-8,8-13,13-30, nu=0.77038, n_components=3"
Bandpower + PCA + SVM,26.73%, 5/19,RH,[30],"freq bands 4-8,8-13,13-30, nu=0.77038, n_components=3"
Bandpower + PCA + SVM,32.34%, 6/19,RH,[31],"freq bands 4-8,8-13,13-30, nu=0.77038, n_components=3"
Bandpower + PCA + SVM,30.94%, 6/19,RH,[32],"freq bands 4-8,8-13,13-30, nu=0.77038, n_components=3"
Bandpower + PCA + SVM,49.19%, 10/19,RH,[33],"freq bands 4-8,8-13,13-30, nu=0.77038, n_components=3"
Bandpower + PCA + SVM,52.35%, 11/19,RH,[34],"freq bands 4-8,8-13,13-30, nu=0.77038, n_components=3"
Bandpower + PCA + SVM,46.74%, 10/19,RH,[35],"freq bands 4-8,8-13,13-30, nu=0.77038, n_components=3"
Bandpower + PCA + SVM,48.27%, 10/19,RH,[36],"freq bands 4-8,8-13,13-30, nu=0.77038, n_components=3"
Bandpower + PCA + SVM,46.80%, 10/19,RH,[37],"freq bands 4-8,8-13,13-30, nu=0.77038, n_components=3"
Bandpower + PCA + SVM,48.44%, 10/19,RH,[38],"freq bands 4-8,8-13,13-30, nu=0.77038, n_components=3"
Bandpower + PCA + SVM,47.34%, 10/19,RH,[39],"freq bands 4-8,8-13,13-30, nu=0.77038, n_components=3"
Bandpower + PCA + SVM,53.68%, 11/19,RH,[40],"freq bands 4-8,8-13,13-30, nu=0.77038, n_components=3"
Bandpower + PCA + SVM,47.18%, 10/19,RH,[41],"freq bands 4-8,8-13,13-30, nu=0.77038, n_components=3"
Bandpower + PCA + SVM,52.03%, 10/19,RH,[42],"freq bands 4-8,8-13,13-30, nu=0.77038, n_components=3"
Bandpower + PCA + SVM,47.18%, 10/19,RH,[43],"freq bands 4-8,8-13,13-30, nu=0.77038, n_components=3"
Bandpower + PCA + SVM,26.75%, 5/19,RH,[44],"freq bands 4-8,8-13,13-30, nu=0.77038, n_components=3"
Bandpower + PCA + SVM,26.63%, 5/19,RH,[45],"freq bands 4-8,8-13,13-30, nu=0.77038, n_components=3"
Bandpower + PCA + SVM,26.63%, 5/19,RH,[46],"freq bands 4-8,8-13,13-30, nu=0.77038, n_components=3"
Bandpower + PCA + SVM,31.93%, 5/19,RH,[47],"freq bands 4-8,8-13,13-30, nu=0.77038, n_components=3"
Bandpower + PCA + SVM,30.92%, 6/19,RH,[48],"freq bands 4-8,8-13,13-30, nu=0.77038, n_components=3"
Bandpower + PCA + SVM,43.33%, 8/19,RH,[49],"freq bands 4-8,8-13,13-30, nu=0.77038, n_components=3"
Bandpower + PCA + SVM,26.52%, 6/19,RH,[50],"freq bands 4-8,8-13,13-30, nu=0.77038, n_components=3"
Bandpower + PCA + SVM,32.20%, 5/19,RH,[51],"freq bands 4-8,8-13,13-30, nu=0.77038, n_components=3"
Bandpower + PCA + SVM,33.28%, 7/19,RH,[52],"freq bands 4-8,8-13,13-30, nu=0.77038, n_components=3"
Bandpower + PCA + SVM,32.13%, 6/19,RH,[53],"freq bands 4-8,8-13,13-30, nu=0.77038, n_components=3"
Bandpower + PCA + SVM,32.41%, 6/19,RH,[54],"freq bands 4-8,8-13,13-30, nu=0.77038, n_components=3"
Bandpower + PCA + SVM,28.51%, 5/19,RH,[55],"freq bands 4-8,8-13,13-30, nu=0.77038, n_components=3"
Bandpower + PCA + SVM,30.02%, 5/19,RH,[56],"freq bands 4-8,8-13,13-30, nu=0.77038, n_components=3"
Bandpower + PCA + SVM,37.51%, 6/19,RH,[57],"freq bands 4-8,8-13,13-30, nu=0.77038, n_components=3"
Bandpower + PCA + SVM,22.77%, 4/19,RH,[58],"freq bands 4-8,8-13,13-30, nu=0.77038, n_components=3"
Bandpower + PCA + SVM,33.73%, 6/19,RH,[59],"freq bands 4-8,8-13,13-30, nu=0.77038, n_components=3"
Bandpower + PCA + SVM,44.47%, 9/19,RH,[60],"freq bands 4-8,8-13,13-30, nu=0.77038, n_components=3"
Bandpower + PCA + SVM,72.82%, 13/19,RH,"[1, 0]","freq bands 4-8,8-13,13-30, nu=0.77038, n_components=3"
Bandpower + PCA + SVM,72.91%, 13/19,RH,"[1, 1]","freq bands 4-8,8-13,13-30, nu=0.77038, n_components=3"
Bandpower + PCA + SVM,73.81%, 14/19,RH,"[1, 2]","freq bands 4-8,8-13,13-30, nu=0.77038, n_components=3"
Bandpower + PCA + SVM,53.22%, 10/19,RH,"[1, 3]","freq bands 4-8,8-13,13-30, nu=0.77038, n_components=3"
Bandpower + PCA + SVM,67.31%, 13/19,RH,"[1, 4]","freq bands 4-8,8-13,13-30, nu=0.77038, n_components=3"
Bandpower + PCA + SVM,45.69%, 9/19,RH,"[1, 5]","freq bands 4-8,8-13,13-30, nu=0.77038, n_components=3"
Bandpower + PCA + SVM,56.72%, 12/19,RH,"[1, 6]","freq bands 4-8,8-13,13-30, nu=0.77038, n_components=3"
Bandpower + PCA + SVM,58.43%, 11/19,RH,"[1, 7]","freq bands 4-8,8-13,13-30, nu=0.77038, n_components=3"
Bandpower + PCA + SVM,31.07%, 5/19,RH,"[1, 8]","freq bands 4-8,8-13,13-30, nu=0.77038, n_components=3"
Bandpower + PCA + SVM,35.83%, 7/19,RH,"[1, 9]","freq bands 4-8,8-13,13-30, nu=0.77038, n_components=3"
Bandpower + PCA + SVM,60.66%, 11/19,RH,"[1, 10]","freq bands 4-8,8-13,13-30, nu=0.77038, n_components=3"
Bandpower + PCA + SVM,50.93%, 10/19,RH,"[1, 11]","freq bands 4-8,8-13,13-30, nu=0.77038, n_components=3"
Bandpower + PCA + SVM,50.44%, 9/19,RH,"[1, 12]","freq bands 4-8,8-13,13-30, nu=0.77038, n_components=3"
Bandpower + PCA + SVM,58.39%, 12/19,RH,"[1, 13]","freq bands 4-8,8-13,13-30, nu=0.77038, n_components=3"
Bandpower + PCA + SVM,40.34%, 8/19,RH,"[1, 14]","freq bands 4-8,8-13,13-30, nu=0.77038, n_components=3"
Bandpower + PCA + SVM,39.25%, 8/19,RH,"[1, 15]","freq bands 4-8,8-13,13-30, nu=0.77038, n_components=3"
Bandpower + PCA + SVM,64.20%, 13/19,RH,"[1, 16]","freq bands 4-8,8-13,13-30, nu=0.77038, n_components=3"
Bandpower + PCA + SVM,38.97%, 7/19,RH,"[1, 17]","freq bands 4-8,8-13,13-30, nu=0.77038, n_components=3"
Bandpower + PCA + SVM,41.10%, 8/19,RH,"[1, 18]","freq bands 4-8,8-13,13-30, nu=0.77038, n_components=3"
Bandpower + PCA + SVM,45.67%, 9/19,RH,"[1, 19]","freq bands 4-8,8-13,13-30, nu=0.77038, n_components=3"
Bandpower + PCA + SVM,52.65%, 11/19,RH,"[1, 20]","freq bands 4-8,8-13,13-30, nu=0.77038, n_components=3"
Bandpower + PCA + SVM,43.25%, 9/19,RH,"[1, 21]","freq bands 4-8,8-13,13-30, nu=0.77038, n_components=3"
Bandpower + PCA + SVM,50.57%, 10/19,RH,"[1, 22]","freq bands 4-8,8-13,13-30, nu=0.77038, n_components=3"
Bandpower + PCA + SVM,48.20%, 10/19,RH,"[1, 23]","freq bands 4-8,8-13,13-30, nu=0.77038, n_components=3"
Bandpower + PCA + SVM,36.34%, 7/19,RH,"[1, 24]","freq bands 4-8,8-13,13-30, nu=0.77038, n_components=3"
Bandpower + PCA + SVM,47.01%, 9/19,RH,"[1, 25]","freq bands 4-8,8-13,13-30, nu=0.77038, n_components=3"
Bandpower + PCA + SVM,47.79%, 8/19,RH,"[1, 26]","freq bands 4-8,8-13,13-30, nu=0.77038, n_components=3"
Bandpower + PCA + SVM,25.86%, 5/19,RH,"[1, 27]","freq bands 4-8,8-13,13-30, nu=0.77038, n_components=3"
Bandpower + PCA + SVM,36.01%, 7/19,RH,"[1, 28]","freq bands 4-8,8-13,13-30, nu=0.77038, n_components=3"
Bandpower + PCA + SVM,30.79%, 6/19,RH,"[1, 29]","freq bands 4-8,8-13,13-30, nu=0.77038, n_components=3"
Bandpower + PCA + SVM,30.94%, 6/19,RH,"[1, 30]","freq bands 4-8,8-13,13-30, nu=0.77038, n_components=3"
Bandpower + PCA + SVM,47.71%, 9/19,RH,"[1, 31]","freq bands 4-8,8-13,13-30, nu=0.77038, n_components=3"
Bandpower + PCA + SVM,30.37%, 6/19,RH,"[1, 32]","freq bands 4-8,8-13,13-30, nu=0.77038, n_components=3"
Bandpower + PCA + SVM,47.83%, 10/19,RH,"[1, 33]","freq bands 4-8,8-13,13-30, nu=0.77038, n_components=3"
Bandpower + PCA + SVM,52.35%, 11/19,RH,"[1, 34]","freq bands 4-8,8-13,13-30, nu=0.77038, n_components=3"
Bandpower + PCA + SVM,45.13%, 9/19,RH,"[1, 35]","freq bands 4-8,8-13,13-30, nu=0.77038, n_components=3"
Bandpower + PCA + SVM,47.97%, 10/19,RH,"[1, 36]","freq bands 4-8,8-13,13-30, nu=0.77038, n_components=3"
Bandpower + PCA + SVM,46.90%, 10/19,RH,"[1, 37]","freq bands 4-8,8-13,13-30, nu=0.77038, n_components=3"
Bandpower + PCA + SVM,48.15%, 10/19,RH,"[1, 38]","freq bands 4-8,8-13,13-30, nu=0.77038, n_components=3"
Bandpower + PCA + SVM,47.05%, 10/19,RH,"[1, 39]","freq bands 4-8,8-13,13-30, nu=0.77038, n_components=3"
Bandpower + PCA + SVM,53.78%, 11/19,RH,"[1, 40]","freq bands 4-8,8-13,13-30, nu=0.77038, n_components=3"
Bandpower + PCA + SVM,46.98%, 10/19,RH,"[1, 41]","freq bands 4-8,8-13,13-30, nu=0.77038, n_components=3"
Bandpower + PCA + SVM,52.03%, 10/19,RH,"[1, 42]","freq bands 4-8,8-13,13-30, nu=0.77038, n_components=3"
Bandpower + PCA + SVM,41.45%, 8/19,RH,"[1, 43]","freq bands 4-8,8-13,13-30, nu=0.77038, n_components=3"
Bandpower + PCA + SVM,26.47%, 5/19,RH,"[1, 44]","freq bands 4-8,8-13,13-30, nu=0.77038, n_components=3"
Bandpower + PCA + SVM,31.32%, 6/19,RH,"[1, 45]","freq bands 4-8,8-13,13-30, nu=0.77038, n_components=3"
Bandpower + PCA + SVM,26.05%, 5/19,RH,"[1, 46]","freq bands 4-8,8-13,13-30, nu=0.77038, n_components=3"
Bandpower + PCA + SVM,30.78%, 5/19,RH,"[1, 47]","freq bands 4-8,8-13,13-30, nu=0.77038, n_components=3"
Bandpower + PCA + SVM,40.99%, 8/19,RH,"[1, 48]","freq bands 4-8,8-13,13-30, nu=0.77038, n_components=3"
Bandpower + PCA + SVM,41.88%, 8/19,RH,"[1, 49]","freq bands 4-8,8-13,13-30, nu=0.77038, n_components=3"
Bandpower + PCA + SVM,31.32%, 6/19,RH,"[1, 50]","freq bands 4-8,8-13,13-30, nu=0.77038, n_components=3"
Bandpower + PCA + SVM,41.39%, 7/19,RH,"[1, 51]","freq bands 4-8,8-13,13-30, nu=0.77038, n_components=3"
Bandpower + PCA + SVM,33.28%, 7/19,RH,"[1, 52]","freq bands 4-8,8-13,13-30, nu=0.77038, n_components=3"
Bandpower + PCA + SVM,31.86%, 6/19,RH,"[1, 53]","freq bands 4-8,8-13,13-30, nu=0.77038, n_components=3"
Bandpower + PCA + SVM,32.32%, 6/19,RH,"[1, 54]","freq bands 4-8,8-13,13-30, nu=0.77038, n_components=3"
Bandpower + PCA + SVM,28.60%, 5/19,RH,"[1, 55]","freq bands 4-8,8-13,13-30, nu=0.77038, n_components=3"
Bandpower + PCA + SVM,30.02%, 5/19,RH,"[1, 56]","freq bands 4-8,8-13,13-30, nu=0.77038, n_components=3"
Bandpower + PCA + SVM,36.69%, 6/19,RH,"[1, 57]","freq bands 4-8,8-13,13-30, nu=0.77038, n_components=3"
Bandpower + PCA + SVM,22.69%, 4/19,RH,"[1, 58]","freq bands 4-8,8-13,13-30, nu=0.77038, n_components=3"
Bandpower + PCA + SVM,33.55%, 6/19,RH,"[1, 59]","freq bands 4-8,8-13,13-30, nu=0.77038, n_components=3"
Bandpower + PCA + SVM,62.60%, 12/19,RH,"[1, 60]","freq bands 4-8,8-13,13-30, nu=0.77038, n_components=3"
Bandpower + PCA + SVM,73.41%, 14/19,RH,"[1, 2, 0]","freq bands 4-8,8-13,13-30, nu=0.77038, n_components=3"
Bandpower + PCA + SVM,73.61%, 14/19,RH,"[1, 2, 1]","freq bands 4-8,8-13,13-30, nu=0.77038, n_components=3"
Bandpower + PCA + SVM,67.95%, 13/19,RH,"[1, 2, 2]","freq bands 4-8,8-13,13-30, nu=0.77038, n_components=3"
Bandpower + PCA + SVM,48.70%, 9/19,RH,"[1, 2, 3]","freq bands 4-8,8-13,13-30, nu=0.77038, n_components=3"
Bandpower + PCA + SVM,68.46%, 14/19,RH,"[1, 2, 4]","freq bands 4-8,8-13,13-30, nu=0.77038, n_components=3"
Bandpower + PCA + SVM,50.58%, 10/19,RH,"[1, 2, 5]","freq bands 4-8,8-13,13-30, nu=0.77038, n_components=3"
Bandpower + PCA + SVM,62.83%, 13/19,RH,"[1, 2, 6]","freq bands 4-8,8-13,13-30, nu=0.77038, n_components=3"
Bandpower + PCA + SVM,59.72%, 12/19,RH,"[1, 2, 7]","freq bands 4-8,8-13,13-30, nu=0.77038, n_components=3"
Bandpower + PCA + SVM,26.14%, 4/19,RH,"[1, 2, 8]","freq bands 4-8,8-13,13-30, nu=0.77038, n_components=3"
Bandpower + PCA + SVM,56.07%, 11/19,RH,"[1, 2, 9]","freq bands 4-8,8-13,13-30, nu=0.77038, n_components=3"
Bandpower + PCA + SVM,70.63%, 13/19,RH,"[1, 2, 10]","freq bands 4-8,8-13,13-30, nu=0.77038, n_components=3"
Bandpower + PCA + SVM,57.13%, 11/19,RH,"[1, 2, 11]","freq bands 4-8,8-13,13-30, nu=0.77038, n_components=3"
Bandpower + PCA + SVM,50.26%, 9/19,RH,"[1, 2, 12]","freq bands 4-8,8-13,13-30, nu=0.77038, n_components=3"
Bandpower + PCA + SVM,58.77%, 12/19,RH,"[1, 2, 13]","freq bands 4-8,8-13,13-30, nu=0.77038, n_components=3"
Bandpower + PCA + SVM,40.10%, 8/19,RH,"[1, 2, 14]","freq bands 4-8,8-13,13-30, nu=0.77038, n_components=3"
Bandpower + PCA + SVM,42.30%, 9/19,RH,"[1, 2, 15]","freq bands 4-8,8-13,13-30, nu=0.77038, n_components=3"
Bandpower + PCA + SVM,64.21%, 13/19,RH,"[1, 2, 16]","freq bands 4-8,8-13,13-30, nu=0.77038, n_components=3"
Bandpower + PCA + SVM,38.98%, 7/19,RH,"[1, 2, 17]","freq bands 4-8,8-13,13-30, nu=0.77038, n_components=3"
Bandpower + PCA + SVM,47.53%, 10/19,RH,"[1, 2, 18]","freq bands 4-8,8-13,13-30, nu=0.77038, n_components=3"
Bandpower + PCA + SVM,57.35%, 12/19,RH,"[1, 2, 19]","freq bands 4-8,8-13,13-30, nu=0.77038, n_components=3"
Bandpower + PCA + SVM,58.77%, 12/19,RH,"[1, 2, 20]","freq bands 4-8,8-13,13-30, nu=0.77038, n_components=3"
Bandpower + PCA + SVM,43.65%, 9/19,RH,"[1, 2, 21]","freq bands 4-8,8-13,13-30, nu=0.77038, n_components=3"
Bandpower + PCA + SVM,50.20%, 10/19,RH,"[1, 2, 22]","freq bands 4-8,8-13,13-30, nu=0.77038, n_components=3"
Bandpower + PCA + SVM,43.59%, 9/19,RH,"[1, 2, 23]","freq bands 4-8,8-13,13-30, nu=0.77038, n_components=3"
Bandpower + PCA + SVM,51.85%, 10/19,RH,"[1, 2, 24]","freq bands 4-8,8-13,13-30, nu=0.77038, n_components=3"
Bandpower + PCA + SVM,46.69%, 9/19,RH,"[1, 2, 25]","freq bands 4-8,8-13,13-30, nu=0.77038, n_components=3"
Bandpower + PCA + SVM,47.39%, 9/19,RH,"[1, 2, 26]","freq bands 4-8,8-13,13-30, nu=0.77038, n_components=3"
Bandpower + PCA + SVM,20.50%, 4/19,RH,"[1, 2, 27]","freq bands 4-8,8-13,13-30, nu=0.77038, n_components=3"
Bandpower + PCA + SVM,30.45%, 6/19,RH,"[1, 2, 28]","freq bands 4-8,8-13,13-30, nu=0.77038, n_components=3"
Bandpower + PCA + SVM,25.79%, 5/19,RH,"[1, 2, 29]","freq bands 4-8,8-13,13-30, nu=0.77038, n_components=3"
Bandpower + PCA + SVM,25.49%, 5/19,RH,"[1, 2, 30]","freq bands 4-8,8-13,13-30, nu=0.77038, n_components=3"
Bandpower + PCA + SVM,37.25%, 8/19,RH,"[1, 2, 31]","freq bands 4-8,8-13,13-30, nu=0.77038, n_components=3"
Bandpower + PCA + SVM,30.68%, 6/19,RH,"[1, 2, 32]","freq bands 4-8,8-13,13-30, nu=0.77038, n_components=3"
Bandpower + PCA + SVM,48.02%, 10/19,RH,"[1, 2, 33]","freq bands 4-8,8-13,13-30, nu=0.77038, n_components=3"
Bandpower + PCA + SVM,47.38%, 10/19,RH,"[1, 2, 34]","freq bands 4-8,8-13,13-30, nu=0.77038, n_components=3"
Bandpower + PCA + SVM,41.41%, 9/19,RH,"[1, 2, 35]","freq bands 4-8,8-13,13-30, nu=0.77038, n_components=3"
Bandpower + PCA + SVM,48.16%, 10/19,RH,"[1, 2, 36]","freq bands 4-8,8-13,13-30, nu=0.77038, n_components=3"
Bandpower + PCA + SVM,41.92%, 9/19,RH,"[1, 2, 37]","freq bands 4-8,8-13,13-30, nu=0.77038, n_components=3"
Bandpower + PCA + SVM,48.44%, 10/19,RH,"[1, 2, 38]","freq bands 4-8,8-13,13-30, nu=0.77038, n_components=3"
Bandpower + PCA + SVM,47.24%, 10/19,RH,"[1, 2, 39]","freq bands 4-8,8-13,13-30, nu=0.77038, n_components=3"
Bandpower + PCA + SVM,53.78%, 11/19,RH,"[1, 2, 40]","freq bands 4-8,8-13,13-30, nu=0.77038, n_components=3"
Bandpower + PCA + SVM,46.97%, 10/19,RH,"[1, 2, 41]","freq bands 4-8,8-13,13-30, nu=0.77038, n_components=3"
Bandpower + PCA + SVM,52.32%, 10/19,RH,"[1, 2, 42]","freq bands 4-8,8-13,13-30, nu=0.77038, n_components=3"
Bandpower + PCA + SVM,42.24%, 9/19,RH,"[1, 2, 43]","freq bands 4-8,8-13,13-30, nu=0.77038, n_components=3"
Bandpower + PCA + SVM,26.39%, 5/19,RH,"[1, 2, 44]","freq bands 4-8,8-13,13-30, nu=0.77038, n_components=3"
Bandpower + PCA + SVM,31.61%, 6/19,RH,"[1, 2, 45]","freq bands 4-8,8-13,13-30, nu=0.77038, n_components=3"
Bandpower + PCA + SVM,26.14%, 5/19,RH,"[1, 2, 46]","freq bands 4-8,8-13,13-30, nu=0.77038, n_components=3"
Bandpower + PCA + SVM,31.55%, 6/19,RH,"[1, 2, 47]","freq bands 4-8,8-13,13-30, nu=0.77038, n_components=3"
Bandpower + PCA + SVM,41.30%, 8/19,RH,"[1, 2, 48]","freq bands 4-8,8-13,13-30, nu=0.77038, n_components=3"
Bandpower + PCA + SVM,42.18%, 8/19,RH,"[1, 2, 49]","freq bands 4-8,8-13,13-30, nu=0.77038, n_components=3"
Bandpower + PCA + SVM,31.50%, 6/19,RH,"[1, 2, 50]","freq bands 4-8,8-13,13-30, nu=0.77038, n_components=3"
Bandpower + PCA + SVM,42.16%, 8/19,RH,"[1, 2, 51]","freq bands 4-8,8-13,13-30, nu=0.77038, n_components=3"
Bandpower + PCA + SVM,33.18%, 7/19,RH,"[1, 2, 52]","freq bands 4-8,8-13,13-30, nu=0.77038, n_components=3"
Bandpower + PCA + SVM,31.86%, 6/19,RH,"[1, 2, 53]","freq bands 4-8,8-13,13-30, nu=0.77038, n_components=3"
Bandpower + PCA + SVM,32.41%, 6/19,RH,"[1, 2, 54]","freq bands 4-8,8-13,13-30, nu=0.77038, n_components=3"
Bandpower + PCA + SVM,28.51%, 5/19,RH,"[1, 2, 55]","freq bands 4-8,8-13,13-30, nu=0.77038, n_components=3"
Bandpower + PCA + SVM,30.05%, 5/19,RH,"[1, 2, 56]","freq bands 4-8,8-13,13-30, nu=0.77038, n_components=3"
Bandpower + PCA + SVM,36.40%, 6/19,RH,"[1, 2, 57]","freq bands 4-8,8-13,13-30, nu=0.77038, n_components=3"
Bandpower + PCA + SVM,22.61%, 4/19,RH,"[1, 2, 58]","freq bands 4-8,8-13,13-30, nu=0.77038, n_components=3"
Bandpower + PCA + SVM,33.54%, 6/19,RH,"[1, 2, 59]","freq bands 4-8,8-13,13-30, nu=0.77038, n_components=3"
Bandpower + PCA + SVM,63.27%, 12/19,RH,"[1, 2, 60]","freq bands 4-8,8-13,13-30, nu=0.77038, n_components=3"
Bandpower + PCA + SVM,73.02%, 14/19,RH,"[1, 1, 2, 0]","freq bands 4-8,8-13,13-30, nu=0.77038, n_components=3"
Bandpower + PCA + SVM,73.40%, 14/19,RH,"[1, 1, 2, 1]","freq bands 4-8,8-13,13-30, nu=0.77038, n_components=3"
Bandpower + PCA + SVM,73.81%, 14/19,RH,"[1, 1, 2, 2]","freq bands 4-8,8-13,13-30, nu=0.77038, n_components=3"
Bandpower + PCA + SVM,63.52%, 12/19,RH,"[1, 1, 2, 3]","freq bands 4-8,8-13,13-30, nu=0.77038, n_components=3"
Bandpower + PCA + SVM,64.33%, 13/19,RH,"[1, 1, 2, 4]","freq bands 4-8,8-13,13-30, nu=0.77038, n_components=3"
Bandpower + PCA + SVM,54.91%, 11/19,RH,"[1, 1, 2, 5]","freq bands 4-8,8-13,13-30, nu=0.77038, n_components=3"
Bandpower + PCA + SVM,57.56%, 12/19,RH,"[1, 1, 2, 6]","freq bands 4-8,8-13,13-30, nu=0.77038, n_components=3"
Bandpower + PCA + SVM,58.42%, 11/19,RH,"[1, 1, 2, 7]","freq bands 4-8,8-13,13-30, nu=0.77038, n_components=3"
Bandpower + PCA + SVM,56.01%, 10/19,RH,"[1, 1, 2, 8]","freq bands 4-8,8-13,13-30, nu=0.77038, n_components=3"
Bandpower + PCA + SVM,56.44%, 11/19,RH,"[1, 1, 2, 9]","freq bands 4-8,8-13,13-30, nu=0.77038, n_components=3"
Bandpower + PCA + SVM,70.35%, 13/19,RH,"[1, 1, 2, 10]","freq bands 4-8,8-13,13-30, nu=0.77038, n_components=3"
Bandpower + PCA + SVM,59.21%, 11/19,RH,"[1, 1, 2, 11]","freq bands 4-8,8-13,13-30, nu=0.77038, n_components=3"
Bandpower + PCA + SVM,44.52%, 8/19,RH,"[1, 1, 2, 12]","freq bands 4-8,8-13,13-30, nu=0.77038, n_components=3"
Bandpower + PCA + SVM,55.74%, 11/19,RH,"[1, 1, 2, 13]","freq bands 4-8,8-13,13-30, nu=0.77038, n_components=3"
Bandpower + PCA + SVM,40.26%, 8/19,RH,"[1, 1, 2, 14]","freq bands 4-8,8-13,13-30, nu=0.77038, n_components=3"
Bandpower + PCA + SVM,49.71%, 10/19,RH,"[1, 1, 2, 15]","freq bands 4-8,8-13,13-30, nu=0.77038, n_components=3"
Bandpower + PCA + SVM,57.05%, 11/19,RH,"[1, 1, 2, 16]","freq bands 4-8,8-13,13-30, nu=0.77038, n_components=3"
Bandpower + PCA + SVM,44.53%, 8/19,RH,"[1, 1, 2, 17]","freq bands 4-8,8-13,13-30, nu=0.77038, n_components=3"
Bandpower + PCA + SVM,52.20%, 11/19,RH,"[1, 1, 2, 18]","freq bands 4-8,8-13,13-30, nu=0.77038, n_components=3"
Bandpower + PCA + SVM,57.32%, 12/19,RH,"[1, 1, 2, 19]","freq bands 4-8,8-13,13-30, nu=0.77038, n_components=3"
Bandpower + PCA + SVM,58.08%, 12/19,RH,"[1, 1, 2, 20]","freq bands 4-8,8-13,13-30, nu=0.77038, n_components=3"
Bandpower + PCA + SVM,48.42%, 10/19,RH,"[1, 1, 2, 21]","freq bands 4-8,8-13,13-30, nu=0.77038, n_components=3"
Bandpower + PCA + SVM,49.97%, 10/19,RH,"[1, 1, 2, 22]","freq bands 4-8,8-13,13-30, nu=0.77038, n_components=3"
Bandpower + PCA + SVM,41.06%, 8/19,RH,"[1, 1, 2, 23]","freq bands 4-8,8-13,13-30, nu=0.77038, n_components=3"
Bandpower + PCA + SVM,57.01%, 11/19,RH,"[1, 1, 2, 24]","freq bands 4-8,8-13,13-30, nu=0.77038, n_components=3"
Bandpower + PCA + SVM,47.19%, 9/19,RH,"[1, 1, 2, 25]","freq bands 4-8,8-13,13-30, nu=0.77038, n_components=3"
Bandpower + PCA + SVM,41.91%, 8/19,RH,"[1, 1, 2, 26]","freq bands 4-8,8-13,13-30, nu=0.77038, n_components=3"
Bandpower + PCA + SVM,25.21%, 5/19,RH,"[1, 1, 2, 27]","freq bands 4-8,8-13,13-30, nu=0.77038, n_components=3"
Bandpower + PCA + SVM,30.75%, 6/19,RH,"[1, 1, 2, 28]","freq bands 4-8,8-13,13-30, nu=0.77038, n_components=3"
Bandpower + PCA + SVM,23.44%, 5/19,RH,"[1, 1, 2, 29]","freq bands 4-8,8-13,13-30, nu=0.77038, n_components=3"
Bandpower + PCA + SVM,25.20%, 5/19,RH,"[1, 1, 2, 30]","freq bands 4-8,8-13,13-30, nu=0.77038, n_components=3"
Bandpower + PCA + SVM,29.29%, 6/19,RH,"[1, 1, 2, 31]","freq bands 4-8,8-13,13-30, nu=0.77038, n_components=3"
Bandpower + PCA + SVM,30.67%, 6/19,RH,"[1, 1, 2, 32]","freq bands 4-8,8-13,13-30, nu=0.77038, n_components=3"
Bandpower + PCA + SVM,47.42%, 10/19,RH,"[1, 1, 2, 33]","freq bands 4-8,8-13,13-30, nu=0.77038, n_components=3"
Bandpower + PCA + SVM,47.19%, 10/19,RH,"[1, 1, 2, 34]","freq bands 4-8,8-13,13-30, nu=0.77038, n_components=3"
Bandpower + PCA + SVM,40.06%, 8/19,RH,"[1, 1, 2, 35]","freq bands 4-8,8-13,13-30, nu=0.77038, n_components=3"
Bandpower + PCA + SVM,48.06%, 10/19,RH,"[1, 1, 2, 36]","freq bands 4-8,8-13,13-30, nu=0.77038, n_components=3"
Bandpower + PCA + SVM,41.82%, 9/19,RH,"[1, 1, 2, 37]","freq bands 4-8,8-13,13-30, nu=0.77038, n_components=3"
Bandpower + PCA + SVM,48.05%, 10/19,RH,"[1, 1, 2, 38]","freq bands 4-8,8-13,13-30, nu=0.77038, n_components=3"
Bandpower + PCA + SVM,47.04%, 10/19,RH,"[1, 1, 2, 39]","freq bands 4-8,8-13,13-30, nu=0.77038, n_components=3"
Bandpower + PCA + SVM,53.78%, 11/19,RH,"[1, 1, 2, 40]","freq bands 4-8,8-13,13-30, nu=0.77038, n_components=3"
Bandpower + PCA + SVM,46.78%, 10/19,RH,"[1, 1, 2, 41]","freq bands 4-8,8-13,13-30, nu=0.77038, n_components=3"
Bandpower + PCA + SVM,52.12%, 10/19,RH,"[1, 1, 2, 42]","freq bands 4-8,8-13,13-30, nu=0.77038, n_components=3"
Bandpower + PCA + SVM,35.34%, 7/19,RH,"[1, 1, 2, 43]","freq bands 4-8,8-13,13-30, nu=0.77038, n_components=3"
Bandpower + PCA + SVM,25.98%, 5/19,RH,"[1, 1, 2, 44]","freq bands 4-8,8-13,13-30, nu=0.77038, n_components=3"
Bandpower + PCA + SVM,30.65%, 6/19,RH,"[1, 1, 2, 45]","freq bands 4-8,8-13,13-30, nu=0.77038, n_components=3"
Bandpower + PCA + SVM,25.86%, 5/19,RH,"[1, 1, 2, 46]","freq bands 4-8,8-13,13-30, nu=0.77038, n_components=3"
Bandpower + PCA + SVM,30.49%, 6/19,RH,"[1, 1, 2, 47]","freq bands 4-8,8-13,13-30, nu=0.77038, n_components=3"
Bandpower + PCA + SVM,41.10%, 8/19,RH,"[1, 1, 2, 48]","freq bands 4-8,8-13,13-30, nu=0.77038, n_components=3"
Bandpower + PCA + SVM,41.31%, 8/19,RH,"[1, 1, 2, 49]","freq bands 4-8,8-13,13-30, nu=0.77038, n_components=3"
Bandpower + PCA + SVM,31.13%, 6/19,RH,"[1, 1, 2, 50]","freq bands 4-8,8-13,13-30, nu=0.77038, n_components=3"
Bandpower + PCA + SVM,41.39%, 8/19,RH,"[1, 1, 2, 51]","freq bands 4-8,8-13,13-30, nu=0.77038, n_components=3"
Bandpower + PCA + SVM,33.09%, 6/19,RH,"[1, 1, 2, 52]","freq bands 4-8,8-13,13-30, nu=0.77038, n_components=3"
Bandpower + PCA + SVM,32.03%, 6/19,RH,"[1, 1, 2, 53]","freq bands 4-8,8-13,13-30, nu=0.77038, n_components=3"
Bandpower + PCA + SVM,32.42%, 6/19,RH,"[1, 1, 2, 54]","freq bands 4-8,8-13,13-30, nu=0.77038, n_components=3"
Bandpower + PCA + SVM,28.32%, 5/19,RH,"[1, 1, 2, 55]","freq bands 4-8,8-13,13-30, nu=0.77038, n_components=3"
Bandpower + PCA + SVM,34.71%, 6/19,RH,"[1, 1, 2, 56]","freq bands 4-8,8-13,13-30, nu=0.77038, n_components=3"
Bandpower + PCA + SVM,30.45%, 5/19,RH,"[1, 1, 2, 57]","freq bands 4-8,8-13,13-30, nu=0.77038, n_components=3"
Bandpower + PCA + SVM,22.24%, 4/19,RH,"[1, 1, 2, 58]","freq bands 4-8,8-13,13-30, nu=0.77038, n_components=3"
Bandpower + PCA + SVM,32.80%, 6/19,RH,"[1, 1, 2, 59]","freq bands 4-8,8-13,13-30, nu=0.77038, n_components=3"
Bandpower + PCA + SVM,72.75%, 14/19,RH,"[1, 1, 2, 60]","freq bands 4-8,8-13,13-30, nu=0.77038, n_components=3"
Bandpower + PCA + SVM,58.00361299896252%, 11/19,RH,"[0, 2, 4]","freq bands 4-8,8-13,13-30, nu=0.77038, n_components=3"
Bandpower + PCA + SVM,47.5914362176628%, 9/19,RH,"[0, 2, 4]","freq bands 4-8,8-13,13-30, nu=0.77038, n_components=3"
Bandpower + PCA + SVM,42.89655400270922%, 9/19,RH,"[0, 2, 4]","freq bands 4-8,8-13,13-30, nu=0.77038, n_components=3"
Bandpower + PCA + SVM,58.913771105423294%, 11/19,RH,"[0, 2, 4]","freq bands 4-8,8-13,13-30, nu=0.77038, n_components=3"
Bandpower + PCA + SVM,58.76039927262989%, 11/19,RH,"[0, 2, 4]","freq bands 4-8,8-13,13-30, nu=0.77038, n_components=3"
Bandpower + PCA + SVM,51.9286579110984%, 9/19,RH,"[0, 2, 4]","freq bands 4-8,8-13,13-30, nu=0.77038, n_components=3"
Bandpower + PCA + SVM,43.031612010475364%, 9/19,RH,"[0, 2, 4]","freq bands 4-8,8-13,13-30, nu=0.77038, n_components=3"
Bandpower + PCA + SVM,53.79807907933083%, 12/19,RH,"[0, 2, 4]","freq bands 4-8,8-13,13-30, nu=0.77038, n_components=3"
Bandpower + PCA + SVM,49.85167100524629%, 10/19,RH,"[0, 2, 4]","freq bands 4-8,8-13,13-30, nu=0.77038, n_components=3"
Bandpower + PCA + SVM,47.2098324908316%, 10/19,RH,"[0, 2, 4]","freq bands 4-8,8-13,13-30, nu=0.77038, n_components=3"
Bandpower + PCA + SVM,47.46919086794198%, 10/19,RH,"[0, 2, 4]","freq bands 4-8,8-13,13-30, nu=0.77038, n_components=3"
Bandpower + PCA + SVM,46.07281774181951%, 10/19,RH,"[0, 2, 4]","freq bands 4-8,8-13,13-30, nu=0.77038, n_components=3"
Bandpower + PCA + SVM,55.70925302379166%, 11/19,RH,"[0, 2, 4]","freq bands 4-8,8-13,13-30, nu=0.77038, n_components=3"
Bandpower + PCA + SVM,22.43697756632636%, 5/19,RH,"[0, 2, 4]","freq bands 4-8,8-13,13-30, nu=0.77038, n_components=3"
Bandpower + PCA + SVM,42.89655400270922%, 9/19,RH,"[0, 2, 4]","freq bands 4-8,8-13,13-30, nu=0.77038, n_components=3"
Bandpower + PCA + SVM,47.08851224105462%, 10/19,RH,"[0, 2, 4]","freq bands 4-8,8-13,13-30, nu=0.77038, n_components=3"
Bandpower + PCA + SVM,46.876760053911%, 10/19,RH,"[0, 2, 4]","freq bands 4-8,8-13,13-30, nu=0.77038, n_components=3"
Bandpower + PCA + SVM,43.22613587555604%, 9/19,RH,"[0, 2, 4]","freq bands 4-8,8-13,13-30, nu=0.77038, n_components=3"
Bandpower + PCA + SVM,37.041288272751785%, 8/19,RH,"[0, 2, 4]","freq bands 4-8,8-13,13-30, nu=0.77038, n_components=3"
Bandpower + PCA + SVM,58.913771105423294%, 11/19,RH,"[0, 2, 4]","freq bands 4-8,8-13,13-30, nu=0.77038, n_components=3"
Bandpower + PCA + SVM,60.29255258186193%, 12/19,RH,"[0, 2, 4]","freq bands 4-8,8-13,13-30, nu=0.77038, n_components=3"
Bandpower + PCA + SVM,60.962782116357396%, 12/19,RH,"[0, 2, 4]","freq bands 4-8,8-13,13-30, nu=0.77038, n_components=3"
Bandpower + PCA + SVM,59.92143606116094%, 12/19,RH,"[0, 2, 4]","freq bands 4-8,8-13,13-30, nu=0.77038, n_components=3"
Bandpower + PCA + SVM,59.93708624818066%, 11/19,RH,"[0, 2, 4]","freq bands 4-8,8-13,13-30, nu=0.77038, n_components=3"
Bandpower + PCA + SVM,58.76039927262989%, 11/19,RH,"[0, 2, 4]","freq bands 4-8,8-13,13-30, nu=0.77038, n_components=3"
Bandpower + PCA + SVM,59.060795917925354%, 11/19,RH,"[0, 2, 4]","freq bands 4-8,8-13,13-30, nu=0.77038, n_components=3"
Bandpower + PCA + SVM,57.157613033475755%, 11/19,RH,"[0, 2, 4]","freq bands 4-8,8-13,13-30, nu=0.77038, n_components=3"
Bandpower + PCA + SVM,52.84462857917012%, 9/19,RH,"[0, 2, 4]","freq bands 4-8,8-13,13-30, nu=0.77038, n_components=3"
Bandpower + PCA + SVM,59.02937540103604%, 11/19,RH,"[0, 2, 4]","freq bands 4-8,8-13,13-30, nu=0.77038, n_components=3"
Bandpower + PCA + SVM,59.7166256995357%, 12/19,RH,"[0, 2, 4]","freq bands 4-8,8-13,13-30, nu=0.77038, n_components=3"
Bandpower + PCA + SVM,58.913771105423294%, 11/19,RH,"[0, 2, 4]","freq bands 4-8,8-13,13-30, nu=0.77038, n_components=3"
Bandpower + PCA + SVM,60.29881265666983%, 11/19,RH,"[0, 2, 4]","freq bands 4-8,8-13,13-30, nu=0.77038, n_components=3"
Bandpower + PCA + SVM,60.468964967767725%, 12/19,RH,"[0, 2, 4]","freq bands 4-8,8-13,13-30, nu=0.77038, n_components=3"
Bandpower + PCA + SVM,60.56465874767203%, 12/19,RH,"[0, 2, 4]","freq bands 4-8,8-13,13-30, nu=0.77038, n_components=3"
Bandpower + PCA + SVM,60.118628417609585%, 11/19,RH,"[0, 2, 4]","freq bands 4-8,8-13,13-30, nu=0.77038, n_components=3"
Bandpower + PCA + SVM,60.210964521026035%, 11/19,RH,"[0, 2, 4]","freq bands 4-8,8-13,13-30, nu=0.77038, n_components=3"
Bandpower + PCA + SVM,60.210964521026035%, 11/19,RH,"[0, 2, 4]","freq bands 4-8,8-13,13-30, nu=0.77038, n_components=3"
Bandpower + PCA + SVM,60.2281259786307%, 11/19,RH,"[0, 2, 4]","freq bands 4-8,8-13,13-30, nu=0.77038, n_components=3"
Bandpower + PCA + SVM,60.584950242680655%, 12/19,RH,"[0, 2, 4]","freq bands 4-8,8-13,13-30, nu=0.77038, n_components=3"
Bandpower + PCA + SVM,60.29255258186193%, 12/19,RH,"[0, 2, 4]","freq bands 4-8,8-13,13-30, nu=0.77038, n_components=3"
Bandpower + PCA + SVM,59.73853596136331%, 12/19,RH,"[0, 2, 4]","freq bands 4-8,8-13,13-30, nu=0.77038, n_components=3"
Bandpower + PCA + SVM,59.73853596136331%, 12/19,RH,"[0, 2, 4]","freq bands 4-8,8-13,13-30, nu=0.77038, n_components=3"
Bandpower + PCA + SVM,60.477224788694805%, 12/19,RH,"[0, 2, 4]","freq bands 4-8,8-13,13-30, nu=0.77038, n_components=3"
Bandpower + PCA + SVM,60.47545268165955%, 12/19,RH,"[0, 2, 4]","freq bands 4-8,8-13,13-30, nu=0.77038, n_components=3"
Bandpower + PCA + SVM,60.47545268165955%, 12/19,RH,"[0, 2, 4]","freq bands 4-8,8-13,13-30, nu=0.77038, n_components=3"
Bandpower + PCA + SVM,61.64681543196966%, 12/19,RH,"[0, 2, 4]","freq bands 4-8,8-13,13-30, nu=0.77038, n_components=3"
Bandpower + PCA + SVM,60.84549887347816%, 11/19,RH,"[0, 2, 4]","freq bands 4-8,8-13,13-30, nu=0.77038, n_components=3"
Bandpower + PCA + SVM,59.67413612316804%, 11/19,RH,"[0, 2, 4]","freq bands 4-8,8-13,13-30, nu=0.77038, n_components=3"
Bandpower + PCA + SVM,59.58339202153466%, 11/19,RH,"[0, 2, 4]","freq bands 4-8,8-13,13-30, nu=0.77038, n_components=3"
Bandpower + PCA + SVM,60.962782116357396%, 12/19,RH,"[0, 2, 4]","freq bands 4-8,8-13,13-30, nu=0.77038, n_components=3"
Bandpower + PCA + SVM,52.27983071872456%, 10/19,RH,"[0, 2, 4]","freq bands 4-8,8-13,13-30, nu=0.77038, n_components=3"
Bandpower + PCA + SVM,52.10967840762667%, 9/19,RH,"[0, 2, 4]","freq bands 4-8,8-13,13-30, nu=0.77038, n_components=3"
Bandpower + PCA + SVM,60.512263818522314%, 11/19,RH,"[0, 2, 4]","freq bands 4-8,8-13,13-30, nu=0.77038, n_components=3"
Bandpower + PCA + SVM,60.57822845737447%, 12/19,RH,"[0, 2, 4]","freq bands 4-8,8-13,13-30, nu=0.77038, n_components=3"
Bandpower + PCA + SVM,60.67056456079092%, 12/19,RH,"[0, 2, 4]","freq bands 4-8,8-13,13-30, nu=0.77038, n_components=3"
Bandpower + PCA + SVM,60.31220226112005%, 11/19,RH,"[0, 2, 4]","freq bands 4-8,8-13,13-30, nu=0.77038, n_components=3"
Bandpower + PCA + SVM,60.300170587038515%, 11/19,RH,"[0, 2, 4]","freq bands 4-8,8-13,13-30, nu=0.77038, n_components=3"
Bandpower + PCA + SVM,60.300170587038515%, 11/19,RH,"[0, 2, 4]","freq bands 4-8,8-13,13-30, nu=0.77038, n_components=3"
Bandpower + PCA + SVM,60.300170587038515%, 11/19,RH,"[0, 2, 4]","freq bands 4-8,8-13,13-30, nu=0.77038, n_components=3"
Bandpower + PCA + SVM,59.92143606116094%, 12/19,RH,"[0, 2, 4]","freq bands 4-8,8-13,13-30, nu=0.77038, n_components=3"
Bandpower + PCA + SVM,58.00361299896252%, 11/19,RH,"[0, 2, 4]","freq bands 4-8,8-13,13-30, nu=0.77038, n_components=3"
Bandpower + PCA + SVM,59.15160797968394%, 10/19,RH,"[0, 2, 4]","freq bands 4-8,8-13,13-30, nu=0.77038, n_components=3"
Bandpower + PCA + SVM,48.0434547418589%, 10/19,RH,"[0, 2, 4]","freq bands 4-8,8-13,13-30, nu=0.77038, n_components=3"
Bandpower + PCA + SVM,44.050700051592116%, 9/19,RH,"[0, 2, 4]","freq bands 4-8,8-13,13-30, nu=0.77038, n_components=3"
Bandpower + PCA + SVM,43.55403574850497%, 9/19,RH,"[0, 2, 4]","freq bands 4-8,8-13,13-30, nu=0.77038, n_components=3"
Bandpower + PCA + SVM,47.5914362176628%, 9/19,RH,"[0, 2, 4]","freq bands 4-8,8-13,13-30, nu=0.77038, n_components=3"
Bandpower + PCA + SVM,52.01870023457891%, 9/19,RH,"[0, 2, 4]","freq bands 4-8,8-13,13-30, nu=0.77038, n_components=3"
Bandpower + PCA + SVM,43.79026662701953%, 9/19,RH,"[0, 2, 4]","freq bands 4-8,8-13,13-30, nu=0.77038, n_components=3"
Bandpower + PCA + SVM,43.48817408354767%, 8/19,RH,"[0, 2, 4]","freq bands 4-8,8-13,13-30, nu=0.77038, n_components=3"
Bandpower + PCA + SVM,31.48478540985231%, 7/19,RH,"[0, 2, 4]","freq bands 4-8,8-13,13-30, nu=0.77038, n_components=3"
Bandpower + PCA + SVM,42.89655400270922%, 9/19,RH,"[0, 2, 4]","freq bands 4-8,8-13,13-30, nu=0.77038, n_components=3"
Bandpower + PCA + SVM,47.08851224105462%, 10/19,RH,"[0, 2, 4]","freq bands 4-8,8-13,13-30, nu=0.77038, n_components=3"
Bandpower + PCA + SVM,46.876760053911%, 10/19,RH,"[0, 2, 4]","freq bands 4-8,8-13,13-30, nu=0.77038, n_components=3"
Bandpower + PCA + SVM,43.22613587555604%, 9/19,RH,"[0, 2, 4]","freq bands 4-8,8-13,13-30, nu=0.77038, n_components=3"
Bandpower + PCA + SVM,37.041288272751785%, 8/19,RH,"[0, 2, 4]","freq bands 4-8,8-13,13-30, nu=0.77038, n_components=3"
Bandpower + PCA + SVM,59.09218323744827%, 12/19,RH,"[0, 2, 4]","freq bands 4-8,8-13,13-30, nu=0.77038, n_components=3"
Bandpower + PCA + SVM,60.29255258186193%, 12/19,RH,"[0, 2, 4]","freq bands 4-8,8-13,13-30, nu=0.77038, n_components=3"
Bandpower + PCA + SVM,60.962782116357396%, 12/19,RH,"[0, 2, 4]","freq bands 4-8,8-13,13-30, nu=0.77038, n_components=3"
Bandpower + PCA + SVM,59.92143606116094%, 12/19,RH,"[0, 2, 4]","freq bands 4-8,8-13,13-30, nu=0.77038, n_components=3"
Bandpower + PCA + SVM,59.93708624818066%, 11/19,RH,"[0, 2, 4]","freq bands 4-8,8-13,13-30, nu=0.77038, n_components=3"
Bandpower + PCA + SVM,58.76039927262989%, 11/19,RH,"[0, 2, 4]","freq bands 4-8,8-13,13-30, nu=0.77038, n_components=3"
Bandpower + PCA + SVM,59.060795917925354%, 11/19,RH,"[0, 2, 4]","freq bands 4-8,8-13,13-30, nu=0.77038, n_components=3"
Bandpower + PCA + SVM,57.157613033475755%, 11/19,RH,"[0, 2, 4]","freq bands 4-8,8-13,13-30, nu=0.77038, n_components=3"
Bandpower + PCA + SVM,52.84462857917012%, 9/19,RH,"[0, 2, 4]","freq bands 4-8,8-13,13-30, nu=0.77038, n_components=3"
Bandpower + PCA + SVM,59.02937540103604%, 11/19,RH,"[0, 2, 4]","freq bands 4-8,8-13,13-30, nu=0.77038, n_components=3"
Bandpower + PCA + SVM,51.9286579110984%, 9/19,RH,"[0, 2, 4]","freq bands 4-8,8-13,13-30, nu=0.77038, n_components=3"
Bandpower + PCA + SVM,55.57537912578056%, 11/19,RH,"[0, 2, 4]","freq bands 4-8,8-13,13-30, nu=0.77038, n_components=3"
Bandpower + PCA + SVM,31.7714816810209%, 7/19,RH,"[0, 2, 4]","freq bands 4-8,8-13,13-30, nu=0.77038, n_components=3"
Bandpower + PCA + SVM,26.857904894784568%, 5/19,RH,"[0, 2, 4]","freq bands 4-8,8-13,13-30, nu=0.77038, n_components=3"
Bandpower + PCA + SVM,49.28470644562529%, 10/19,RH,"[0, 2, 4]","freq bands 4-8,8-13,13-30, nu=0.77038, n_components=3"
Bandpower + PCA + SVM,43.031612010475364%, 9/19,RH,"[0, 2, 4]","freq bands 4-8,8-13,13-30, nu=0.77038, n_components=3"
Bandpower + PCA + SVM,35.41151720531811%, 7/19,RH,"[0, 2, 4]","freq bands 4-8,8-13,13-30, nu=0.77038, n_components=3"
Bandpower + PCA + SVM,50.7686714252706%, 10/19,RH,"[0, 2, 4]","freq bands 4-8,8-13,13-30, nu=0.77038, n_components=3"
Bandpower + PCA + SVM,47.60946282371119%, 10/19,RH,"[0, 2, 4]","freq bands 4-8,8-13,13-30, nu=0.77038, n_components=3"
Bandpower + PCA + SVM,48.96290529189112%, 10/19,RH,"[0, 2, 4]","freq bands 4-8,8-13,13-30, nu=0.77038, n_components=3"
Bandpower + PCA + SVM,53.79807907933083%, 12/19,RH,"[0, 2, 4]","freq bands 4-8,8-13,13-30, nu=0.77038, n_components=3"
Bandpower + PCA + SVM,57.031758865384305%, 11/19,RH,"[0, 2, 4]","freq bands 4-8,8-13,13-30, nu=0.77038, n_components=3"
Bandpower + PCA + SVM,58.67693847080909%, 12/19,RH,"[0, 2, 4]","freq bands 4-8,8-13,13-30, nu=0.77038, n_components=3"
Bandpower + PCA + SVM,39.57333872515255%, 7/19,RH,"[0, 2, 4]","freq bands 4-8,8-13,13-30, nu=0.77038, n_components=3"
Bandpower + PCA + SVM,42.135346295166%, 9/19,RH,"[0, 2, 4]","freq bands 4-8,8-13,13-30, nu=0.77038, n_components=3"
Bandpower + PCA + SVM,50.03008313727126%, 10/19,RH,"[0, 2, 4]","freq bands 4-8,8-13,13-30, nu=0.77038, n_components=3"
Bandpower + PCA + SVM,46.53783084930087%, 10/19,RH,"[0, 2, 4]","freq bands 4-8,8-13,13-30, nu=0.77038, n_components=3"
Bandpower + PCA + SVM,45.746713895453276%, 10/19,RH,"[0, 2, 4]","freq bands 4-8,8-13,13-30, nu=0.77038, n_components=3"
Bandpower + PCA + SVM,46.922564613536025%, 10/19,RH,"[0, 2, 4]","freq bands 4-8,8-13,13-30, nu=0.77038, n_components=3"
Bandpower + PCA + SVM,46.61364731086315%, 10/19,RH,"[0, 2, 4]","freq bands 4-8,8-13,13-30, nu=0.77038, n_components=3"
Bandpower + PCA + SVM,47.2098324908316%, 10/19,RH,"[0, 2, 4]","freq bands 4-8,8-13,13-30, nu=0.77038, n_components=3"
Bandpower + PCA + SVM,50.23440502336225%, 11/19,RH,"[0, 2, 4]","freq bands 4-8,8-13,13-30, nu=0.77038, n_components=3"
Bandpower + PCA + SVM,47.09584696203786%, 10/19,RH,"[0, 2, 4]","freq bands 4-8,8-13,13-30, nu=0.77038, n_components=3"
Bandpower + PCA + SVM,45.60760112194451%, 9/19,RH,"[0, 2, 4]","freq bands 4-8,8-13,13-30, nu=0.77038, n_components=3"
Bandpower + PCA + SVM,47.19331284897743%, 10/19,RH,"[0, 2, 4]","freq bands 4-8,8-13,13-30, nu=0.77038, n_components=3"
Bandpower + PCA + SVM,47.46919086794198%, 10/19,RH,"[0, 2, 4]","freq bands 4-8,8-13,13-30, nu=0.77038, n_components=3"
Bandpower + PCA + SVM,48.24891796345856%, 10/19,RH,"[0, 2, 4]","freq bands 4-8,8-13,13-30, nu=0.77038, n_components=3"
Bandpower + PCA + SVM,47.4501707939088%, 10/19,RH,"[0, 2, 4]","freq bands 4-8,8-13,13-30, nu=0.77038, n_components=3"
Bandpower + PCA + SVM,48.00469157828658%, 10/19,RH,"[0, 2, 4]","freq bands 4-8,8-13,13-30, nu=0.77038, n_components=3"
Bandpower + PCA + SVM,47.00664089602537%, 10/19,RH,"[0, 2, 4]","freq bands 4-8,8-13,13-30, nu=0.77038, n_components=3"
Bandpower + PCA + SVM,46.07281774181951%, 10/19,RH,"[0, 2, 4]","freq bands 4-8,8-13,13-30, nu=0.77038, n_components=3"
Bandpower + PCA + SVM,47.88383387848151%, 10/19,RH,"[0, 2, 4]","freq bands 4-8,8-13,13-30, nu=0.77038, n_components=3"
Bandpower + PCA + SVM,46.750286090161204%, 10/19,RH,"[0, 2, 4]","freq bands 4-8,8-13,13-30, nu=0.77038, n_components=3"
Bandpower + PCA + SVM,40.59267664307807%, 9/19,RH,"[0, 2, 4]","freq bands 4-8,8-13,13-30, nu=0.77038, n_components=3"
Bandpower + PCA + SVM,47.57314446877337%, 10/19,RH,"[0, 2, 4]","freq bands 4-8,8-13,13-30, nu=0.77038, n_components=3"
Bandpower + PCA + SVM,55.70925302379166%, 11/19,RH,"[0, 2, 4]","freq bands 4-8,8-13,13-30, nu=0.77038, n_components=3"
Bandpower + PCA + SVM,31.493045230779394%, 7/19,RH,"[0, 2, 4]","freq bands 4-8,8-13,13-30, nu=0.77038, n_components=3"
Bandpower + PCA + SVM,43.668021277298706%, 9/19,RH,"[0, 2, 4]","freq bands 4-8,8-13,13-30, nu=0.77038, n_components=3"
Bandpower + PCA + SVM,43.22199094723626%, 9/19,RH,"[0, 2, 4]","freq bands 4-8,8-13,13-30, nu=0.77038, n_components=3"
Bandpower + PCA + SVM,32.74298140489041%, 7/19,RH,"[0, 2, 4]","freq bands 4-8,8-13,13-30, nu=0.77038, n_components=3"
Bandpower + PCA + SVM,16.37096507747712%, 3/19,RH,"[0, 2, 4]","freq bands 4-8,8-13,13-30, nu=0.77038, n_components=3"
Bandpower + PCA + SVM,27.488684045329897%, 6/19,RH,"[0, 2, 4]","freq bands 4-8,8-13,13-30, nu=0.77038, n_components=3"
Bandpower + PCA + SVM,47.274259094062835%, 10/19,RH,"[0, 2, 4]","freq bands 4-8,8-13,13-30, nu=0.77038, n_components=3"
Bandpower + PCA + SVM,51.94724951560873%, 11/19,RH,"[0, 2, 4]","freq bands 4-8,8-13,13-30, nu=0.77038, n_components=3"
Bandpower + PCA + SVM,77.57738942528256%, 16/19,RH,"[0, 2, 4]","freq bands 4-8,8-13,13-30, nu=0.77038, n_components=3"
Bandpower + PCA + SVM,58.00361299896252%, 11/19,RH,"[0, 2, 4]","freq bands 4-8,8-13,13-30, nu=0.77038, n_components=3"
Bandpower + PCA + SVM,59.15160797968394%, 10/19,RH,"[0, 2, 4]","freq bands 4-8,8-13,13-30, nu=0.77038, n_components=3"
Bandpower + PCA + SVM,48.0434547418589%, 10/19,RH,"[0, 2, 4]","freq bands 4-8,8-13,13-30, nu=0.77038, n_components=3"
Bandpower + PCA + SVM,44.050700051592116%, 9/19,RH,"[0, 2, 4]","freq bands 4-8,8-13,13-30, nu=0.77038, n_components=3"
Bandpower + PCA + SVM,43.55403574850497%, 9/19,RH,"[0, 2, 4]","freq bands 4-8,8-13,13-30, nu=0.77038, n_components=3"
Bandpower + PCA + SVM,47.5914362176628%, 9/19,RH,"[0, 2, 4]","freq bands 4-8,8-13,13-30, nu=0.77038, n_components=3"
Bandpower + PCA + SVM,52.01870023457891%, 9/19,RH,"[0, 2, 4]","freq bands 4-8,8-13,13-30, nu=0.77038, n_components=3"
Bandpower + PCA + SVM,43.79026662701953%, 9/19,RH,"[0, 2, 4]","freq bands 4-8,8-13,13-30, nu=0.77038, n_components=3"
Bandpower + PCA + SVM,43.48817408354767%, 8/19,RH,"[0, 2, 4]","freq bands 4-8,8-13,13-30, nu=0.77038, n_components=3"
Bandpower + PCA + SVM,31.48478540985231%, 7/19,RH,"[0, 2, 4]","freq bands 4-8,8-13,13-30, nu=0.77038, n_components=3"
Bandpower + PCA + SVM,42.89655400270922%, 9/19,RH,"[0, 2, 4]","freq bands 4-8,8-13,13-30, nu=0.77038, n_components=3"
Bandpower + PCA + SVM,47.08851224105462%, 10/19,RH,"[0, 2, 4]","freq bands 4-8,8-13,13-30, nu=0.77038, n_components=3"
Bandpower + PCA + SVM,46.876760053911%, 10/19,RH,"[0, 2, 4]","freq bands 4-8,8-13,13-30, nu=0.77038, n_components=3"
Bandpower + PCA + SVM,43.22613587555604%, 9/19,RH,"[0, 2, 4]","freq bands 4-8,8-13,13-30, nu=0.77038, n_components=3"
Bandpower + PCA + SVM,37.041288272751785%, 8/19,RH,"[0, 2, 4]","freq bands 4-8,8-13,13-30, nu=0.77038, n_components=3"
Bandpower + PCA + SVM,59.09218323744827%, 12/19,RH,"[0, 2, 4]","freq bands 4-8,8-13,13-30, nu=0.77038, n_components=3"
Bandpower + PCA + SVM,60.29255258186193%, 12/19,RH,"[0, 2, 4]","freq bands 4-8,8-13,13-30, nu=0.77038, n_components=3"
Bandpower + PCA + SVM,60.962782116357396%, 12/19,RH,"[0, 2, 4]","freq bands 4-8,8-13,13-30, nu=0.77038, n_components=3"
Bandpower + PCA + SVM,59.92143606116094%, 12/19,RH,"[0, 2, 4]","freq bands 4-8,8-13,13-30, nu=0.77038, n_components=3"
Bandpower + PCA + SVM,59.93708624818066%, 11/19,RH,"[0, 2, 4]","freq bands 4-8,8-13,13-30, nu=0.77038, n_components=3"
Bandpower + PCA + SVM,58.76039927262989%, 11/19,RH,"[0, 2, 4]","freq bands 4-8,8-13,13-30, nu=0.77038, n_components=3"
Bandpower + PCA + SVM,59.060795917925354%, 11/19,RH,"[0, 2, 4]","freq bands 4-8,8-13,13-30, nu=0.77038, n_components=3"
Bandpower + PCA + SVM,57.157613033475755%, 11/19,RH,"[0, 2, 4]","freq bands 4-8,8-13,13-30, nu=0.77038, n_components=3"
Bandpower + PCA + SVM,52.84462857917012%, 9/19,RH,"[0, 2, 4]","freq bands 4-8,8-13,13-30, nu=0.77038, n_components=3"
Bandpower + PCA + SVM,59.02937540103604%, 11/19,RH,"[0, 2, 4]","freq bands 4-8,8-13,13-30, nu=0.77038, n_components=3"
Bandpower + PCA + SVM,51.9286579110984%, 9/19,RH,"[0, 2, 4]","freq bands 4-8,8-13,13-30, nu=0.77038, n_components=3"
Bandpower + PCA + SVM,55.57537912578056%, 11/19,RH,"[0, 2, 4]","freq bands 4-8,8-13,13-30, nu=0.77038, n_components=3"
Bandpower + PCA + SVM,31.7714816810209%, 7/19,RH,"[0, 2, 4]","freq bands 4-8,8-13,13-30, nu=0.77038, n_components=3"
Bandpower + PCA + SVM,26.857904894784568%, 5/19,RH,"[0, 2, 4]","freq bands 4-8,8-13,13-30, nu=0.77038, n_components=3"
Bandpower + PCA + SVM,49.28470644562529%, 10/19,RH,"[0, 2, 4]","freq bands 4-8,8-13,13-30, nu=0.77038, n_components=3"
Bandpower + PCA + SVM,43.031612010475364%, 9/19,RH,"[0, 2, 4]","freq bands 4-8,8-13,13-30, nu=0.77038, n_components=3"
Bandpower + PCA + SVM,35.41151720531811%, 7/19,RH,"[0, 2, 4]","freq bands 4-8,8-13,13-30, nu=0.77038, n_components=3"
Bandpower + PCA + SVM,50.7686714252706%, 10/19,RH,"[0, 2, 4]","freq bands 4-8,8-13,13-30, nu=0.77038, n_components=3"
Bandpower + PCA + SVM,47.60946282371119%, 10/19,RH,"[0, 2, 4]","freq bands 4-8,8-13,13-30, nu=0.77038, n_components=3"
Bandpower + PCA + SVM,48.96290529189112%, 10/19,RH,"[0, 2, 4]","freq bands 4-8,8-13,13-30, nu=0.77038, n_components=3"
Bandpower + PCA + SVM,53.79807907933083%, 12/19,RH,"[0, 2, 4]","freq bands 4-8,8-13,13-30, nu=0.77038, n_components=3"
Bandpower + PCA + SVM,57.031758865384305%, 11/19,RH,"[0, 2, 4]","freq bands 4-8,8-13,13-30, nu=0.77038, n_components=3"
Bandpower + PCA + SVM,58.67693847080909%, 12/19,RH,"[0, 2, 4]","freq bands 4-8,8-13,13-30, nu=0.77038, n_components=3"
Bandpower + PCA + SVM,39.57333872515255%, 7/19,RH,"[0, 2, 4]","freq bands 4-8,8-13,13-30, nu=0.77038, n_components=3"
Bandpower + PCA + SVM,42.135346295166%, 9/19,RH,"[0, 2, 4]","freq bands 4-8,8-13,13-30, nu=0.77038, n_components=3"
Bandpower + PCA + SVM,50.03008313727126%, 10/19,RH,"[0, 2, 4]","freq bands 4-8,8-13,13-30, nu=0.77038, n_components=3"
Bandpower + PCA + SVM,46.53783084930087%, 10/19,RH,"[0, 2, 4]","freq bands 4-8,8-13,13-30, nu=0.77038, n_components=3"
Bandpower + PCA + SVM,45.746713895453276%, 10/19,RH,"[0, 2, 4]","freq bands 4-8,8-13,13-30, nu=0.77038, n_components=3"
Bandpower + PCA + SVM,46.922564613536025%, 10/19,RH,"[0, 2, 4]","freq bands 4-8,8-13,13-30, nu=0.77038, n_components=3"
Bandpower + PCA + SVM,46.61364731086315%, 10/19,RH,"[0, 2, 4]","freq bands 4-8,8-13,13-30, nu=0.77038, n_components=3"
Bandpower + PCA + SVM,47.2098324908316%, 10/19,RH,"[0, 2, 4]","freq bands 4-8,8-13,13-30, nu=0.77038, n_components=3"
Bandpower + PCA + SVM,50.23440502336225%, 11/19,RH,"[0, 2, 4]","freq bands 4-8,8-13,13-30, nu=0.77038, n_components=3"
Bandpower + PCA + SVM,47.09584696203786%, 10/19,RH,"[0, 2, 4]","freq bands 4-8,8-13,13-30, nu=0.77038, n_components=3"
Bandpower + PCA + SVM,45.60760112194451%, 9/19,RH,"[0, 2, 4]","freq bands 4-8,8-13,13-30, nu=0.77038, n_components=3"
Bandpower + PCA + SVM,47.19331284897743%, 10/19,RH,"[0, 2, 4]","freq bands 4-8,8-13,13-30, nu=0.77038, n_components=3"
Bandpower + PCA + SVM,47.46919086794198%, 10/19,RH,"[0, 2, 4]","freq bands 4-8,8-13,13-30, nu=0.77038, n_components=3"
Bandpower + PCA + SVM,48.24891796345856%, 10/19,RH,"[0, 2, 4]","freq bands 4-8,8-13,13-30, nu=0.77038, n_components=3"
Bandpower + PCA + SVM,47.4501707939088%, 10/19,RH,"[0, 2, 4]","freq bands 4-8,8-13,13-30, nu=0.77038, n_components=3"
Bandpower + PCA + SVM,48.00469157828658%, 10/19,RH,"[0, 2, 4]","freq bands 4-8,8-13,13-30, nu=0.77038, n_components=3"
Bandpower + PCA + SVM,47.00664089602537%, 10/19,RH,"[0, 2, 4]","freq bands 4-8,8-13,13-30, nu=0.77038, n_components=3"
Bandpower + PCA + SVM,46.07281774181951%, 10/19,RH,"[0, 2, 4]","freq bands 4-8,8-13,13-30, nu=0.77038, n_components=3"
Bandpower + PCA + SVM,47.88383387848151%, 10/19,RH,"[0, 2, 4]","freq bands 4-8,8-13,13-30, nu=0.77038, n_components=3"
Bandpower + PCA + SVM,46.750286090161204%, 10/19,RH,"[0, 2, 4]","freq bands 4-8,8-13,13-30, nu=0.77038, n_components=3"
Bandpower + PCA + SVM,40.59267664307807%, 9/19,RH,"[0, 2, 4]","freq bands 4-8,8-13,13-30, nu=0.77038, n_components=3"
Bandpower + PCA + SVM,47.57314446877337%, 10/19,RH,"[0, 2, 4]","freq bands 4-8,8-13,13-30, nu=0.77038, n_components=3"
Bandpower + PCA + SVM,55.70925302379166%, 11/19,RH,"[0, 2, 4]","freq bands 4-8,8-13,13-30, nu=0.77038, n_components=3"
Bandpower + PCA + SVM,31.493045230779394%, 7/19,RH,"[0, 2, 4]","freq bands 4-8,8-13,13-30, nu=0.77038, n_components=3"
Bandpower + PCA + SVM,43.668021277298706%, 9/19,RH,"[0, 2, 4]","freq bands 4-8,8-13,13-30, nu=0.77038, n_components=3"
Bandpower + PCA + SVM,43.22199094723626%, 9/19,RH,"[0, 2, 4]","freq bands 4-8,8-13,13-30, nu=0.77038, n_components=3"
Bandpower + PCA + SVM,32.74298140489041%, 7/19,RH,"[0, 2, 4]","freq bands 4-8,8-13,13-30, nu=0.77038, n_components=3"
Bandpower + PCA + SVM,16.37096507747712%, 3/19,RH,"[0, 2, 4]","freq bands 4-8,8-13,13-30, nu=0.77038, n_components=3"
Bandpower + PCA + SVM,27.488684045329897%, 6/19,RH,"[0, 2, 4]","freq bands 4-8,8-13,13-30, nu=0.77038, n_components=3"
Bandpower + PCA + SVM,47.274259094062835%, 10/19,RH,"[0, 2, 4]","freq bands 4-8,8-13,13-30, nu=0.77038, n_components=3"
Bandpower + PCA + SVM,51.94724951560873%, 11/19,RH,"[0, 2, 4]","freq bands 4-8,8-13,13-30, nu=0.77038, n_components=3"
Bandpower + PCA + SVM,77.57738942528256%, 16/19,RH,"[0, 2, 4]","freq bands 4-8,8-13,13-30, nu=0.77038, n_components=3"
Bandpower + PCA + SVM,73.14088820028066%, 15/19,RH,"[0, 2, 4]","freq bands 4-8,8-13,13-30, nu=0.77038, n_components=3"
Bandpower + PCA + SVM,55.98042188314356%, 12/19,RH,"[0, 2, 4]","freq bands 4-8,8-13,13-30, nu=0.77038, n_components=3"
Bandpower + PCA + SVM,63.98203511161703%, 13/19,RH,"[0, 2, 4]","freq bands 4-8,8-13,13-30, nu=0.77038, n_components=3"
Bandpower + PCA + SVM,78.07954595595184%, 15/19,RH,"[0, 2, 4]","freq bands 4-8,8-13,13-30, nu=0.77038, n_components=3"
Bandpower + PCA + SVM,80.26078766663154%, 17/19,RH,"[0, 2, 4]","freq bands 4-8,8-13,13-30, nu=0.77038, n_components=3"
Bandpower + PCA + SVM,73.14088820028066%, 15/19,RH,"[0, 2, 4]","freq bands 4-8,8-13,13-30, nu=0.77038, n_components=3"
Bandpower + PCA + SVM,55.98042188314356%, 12/19,RH,"[0, 2, 4]","freq bands 4-8,8-13,13-30, nu=0.77038, n_components=3"
Bandpower + PCA + SVM,63.98203511161703%, 13/19,RH,"[0, 2, 4]","freq bands 4-8,8-13,13-30, nu=0.77038, n_components=3"
Bandpower + PCA + SVM,78.07954595595184%, 15/19,RH,"[0, 2, 4]","freq bands 4-8,8-13,13-30, nu=0.77038, n_components=3"
Bandpower + PCA + SVM,80.26078766663154%, 17/19,RH,"[0, 2, 4]","freq bands 4-8,8-13,13-30, nu=0.77038, n_components=3"
Bandpower + PCA + SVM,83.10835205563953%, 17/19,RH,"[0, 2, 4]","freq bands 4-8,8-13,13-30, nu=0.77038, n_components=3"
Bandpower + PCA + SVM,83.5670418559155%, 17/19,RH,"[0, 2, 4]","freq bands 4-8,8-13,13-30, nu=0.77038, n_components=3"
Bandpower + PCA + SVM,85.55420280375797%, 18/19,RH,"[0, 2, 4]","freq bands 4-8,8-13,13-30, nu=0.77038, n_components=3"
Bandpower + PCA + SVM,85.55420280375797%, 18/19,RH,"[0, 2, 4]","freq bands 4-8,8-13,13-30, nu=0.77038, n_components=3"
Bandpower + PCA + SVM,85.55420280375797%, 18/19,RH,"[0, 2, 4]","freq bands 4-8,8-13,13-30, nu=0.77038, n_components=3"
Bandpower + PCA + SVM,85.55420280375797%, 18/19,RH,"[0, 2, 4]","freq bands 4-8,8-13,13-30, nu=0.77038, n_components=3"
Bandpower + PCA + SVM,85.55420280375797%, 18/19,RH,"[0, 2, 4]","freq bands 4-8,8-13,13-30, nu=0.77038, n_components=3"
Bandpower + PCA + SVM,84.96940748212056%, 18/19,RH,"[0, 2, 4]","freq bands 4-8,8-13,13-30, nu=0.77038, n_components=3"
Bandpower + PCA + SVM,84.96940748212056%, 18/19,RH,"[0, 2, 4]","freq bands 4-8,8-13,13-30, nu=0.77038, n_components=3"
Bandpower + PCA + SVM,84.96940748212056%, 18/19,RH,"[0, 2, 4]","freq bands 4-8,8-13,13-30, nu=0.77038, n_components=3"
Bandpower + PCA + SVM,84.96940748212056%, 18/19,RH,"[0, 2, 4]","freq bands 4-8,8-13,13-30, nu=0.77038, n_components=3"
Bandpower + PCA + SVM,85.05861354813305%, 18/19,RH,"[0, 2, 4]","freq bands 4-8,8-13,13-30, nu=0.77038, n_components=3"
Bandpower + PCA + SVM,85.05861354813305%, 18/19,RH,"[0, 2, 4]","freq bands 4-8,8-13,13-30, nu=0.77038, n_components=3"
Bandpower + PCA + SVM,85.58492933760672%, 18/19,RH,"[0, 2, 4]","freq bands 4-8,8-13,13-30, nu=0.77038, n_components=3"
Bandpower + PCA + SVM,85.4925932341903%, 18/19,RH,"[0, 2, 4]","freq bands 4-8,8-13,13-30, nu=0.77038, n_components=3"
Bandpower + PCA + SVM,85.4925932341903%, 18/19,RH,"[0, 2, 4]","freq bands 4-8,8-13,13-30, nu=0.77038, n_components=3"
Bandpower + PCA + SVM,85.4925932341903%, 18/19,RH,"[0, 2, 4]","freq bands 4-8,8-13,13-30, nu=0.77038, n_components=3"
Bandpower + PCA + SVM,87.59785639208503%, 18/19,RH,"[0, 2, 4]","freq bands 4-8,8-13,13-30, nu=0.77038, n_components=3"
Bandpower + PCA + SVM,87.59785639208503%, 18/19,RH,"[0, 2, 4]","freq bands 4-8,8-13,13-30, nu=0.77038, n_components=3"
Bandpower + PCA + SVM,87.59785639208503%, 18/19,RH,"[0, 2, 4]","freq bands 4-8,8-13,13-30, nu=0.77038, n_components=3"
Bandpower + PCA + SVM,87.59785639208503%, 18/19,RH,"[0, 2, 4]","freq bands 4-8,8-13,13-30, nu=0.77038, n_components=3"
Bandpower + PCA + SVM,82.33469849734819%, 17/19,RH,"[0, 2, 4]","freq bands 4-8,8-13,13-30, nu=0.77038, n_components=3"
Bandpower + PCA + SVM,82.33469849734819%, 17/19,RH,"[0, 2, 4]","freq bands 4-8,8-13,13-30, nu=0.77038, n_components=3"
Bandpower + PCA + SVM,82.60693080224837%, 17/19,RH,"[0, 2, 4]","freq bands 4-8,8-13,13-30, nu=0.77038, n_components=3"
Bandpower + PCA + SVM,82.60693080224837%, 17/19,RH,"[0, 2, 4]","freq bands 4-8,8-13,13-30, nu=0.77038, n_components=3"
Bandpower + PCA + SVM,82.60693080224837%, 17/19,RH,"[0, 2, 4]","freq bands 4-8,8-13,13-30, nu=0.77038, n_components=3"
Bandpower + PCA + SVM,82.60693080224837%, 17/19,RH,"[0, 2, 4]","freq bands 4-8,8-13,13-30, nu=0.77038, n_components=3"
Bandpower + PCA + SVM,82.60693080224837%, 17/19,RH,"[0, 2, 4]","freq bands 4-8,8-13,13-30, nu=0.77038, n_components=3"
Bandpower + PCA + SVM,83.77652144552323%, 17/19,RH,"[0, 2, 4]","freq bands 4-8,8-13,13-30, nu=0.77038, n_components=3"
Bandpower + PCA + SVM,83.77652144552323%, 17/19,RH,"[0, 2, 4]","freq bands 4-8,8-13,13-30, nu=0.77038, n_components=3"
Bandpower + PCA + SVM,83.77652144552323%, 17/19,RH,"[0, 2, 4]","freq bands 4-8,8-13,13-30, nu=0.77038, n_components=3"
Bandpower + PCA + SVM,83.77652144552323%, 17/19,RH,"[0, 2, 4]","freq bands 4-8,8-13,13-30, nu=0.77038, n_components=3"
Bandpower + PCA + SVM,83.77652144552323%, 17/19,RH,"[0, 2, 4]","freq bands 4-8,8-13,13-30, nu=0.77038, n_components=3"
Bandpower + PCA + SVM,83.77652144552323%, 17/19,RH,"[0, 2, 4]","freq bands 4-8,8-13,13-30, nu=0.77038, n_components=3"
Bandpower + PCA + SVM,82.09231091920743%, 17/19,RH,"[0, 2, 4]","freq bands 4-8,8-13,13-30, nu=0.77038, n_components=3"
Bandpower + PCA + SVM,82.09231091920743%, 17/19,RH,"[0, 2, 4]","freq bands 4-8,8-13,13-30, nu=0.77038, n_components=3"
Bandpower + PCA + SVM,82.09231091920743%, 17/19,RH,"[0, 2, 4]","freq bands 4-8,8-13,13-30, nu=0.77038, n_components=3"
Bandpower + PCA + SVM,82.09231091920743%, 17/19,RH,"[0, 2, 4]","freq bands 4-8,8-13,13-30, nu=0.77038, n_components=3"
Bandpower + PCA + SVM,82.09231091920743%, 17/19,RH,"[0, 2, 4]","freq bands 4-8,8-13,13-30, nu=0.77038, n_components=3"
Bandpower + PCA + SVM,82.09231091920743%, 17/19,RH,"[0, 2, 4]","freq bands 4-8,8-13,13-30, nu=0.77038, n_components=3"
Bandpower + PCA + SVM,82.09231091920743%, 17/19,RH,"[0, 2, 4]","freq bands 4-8,8-13,13-30, nu=0.77038, n_components=3"
Bandpower + PCA + SVM,82.09231091920743%, 17/19,RH,"[0, 2, 4]","freq bands 4-8,8-13,13-30, nu=0.77038, n_components=3"
Bandpower + PCA + SVM,87.35546881394427%, 18/19,RH,"[0, 2, 4]","freq bands 4-8,8-13,13-30, nu=0.77038, n_components=3"
Bandpower + PCA + SVM,87.35546881394427%, 18/19,RH,"[0, 2, 4]","freq bands 4-8,8-13,13-30, nu=0.77038, n_components=3"
Bandpower + PCA + SVM,87.35546881394427%, 18/19,RH,"[0, 2, 4]","freq bands 4-8,8-13,13-30, nu=0.77038, n_components=3"
Bandpower + PCA + SVM,87.35546881394427%, 18/19,RH,"[0, 2, 4]","freq bands 4-8,8-13,13-30, nu=0.77038, n_components=3"
Bandpower + PCA + SVM,87.35546881394427%, 18/19,RH,"[0, 2, 4]","freq bands 4-8,8-13,13-30, nu=0.77038, n_components=3"
Bandpower + PCA + SVM,87.35546881394427%, 18/19,RH,"[0, 2, 4]","freq bands 4-8,8-13,13-30, nu=0.77038, n_components=3"
Bandpower + PCA + SVM,87.35546881394427%, 18/19,RH,"[0, 2, 4]","freq bands 4-8,8-13,13-30, nu=0.77038, n_components=3"
Bandpower + PCA + SVM,87.35546881394427%, 18/19,RH,"[0, 2, 4]","freq bands 4-8,8-13,13-30, nu=0.77038, n_components=3"
Bandpower + PCA + SVM,86.67320760536728%, 18/19,RH,"[0, 2, 4]","freq bands 4-8,8-13,13-30, nu=0.77038, n_components=3"
Bandpower + PCA + SVM,86.67320760536728%, 18/19,RH,"[0, 2, 4]","freq bands 4-8,8-13,13-30, nu=0.77038, n_components=3"
Bandpower + PCA + SVM,86.67320760536728%, 18/19,RH,"[0, 2, 4]","freq bands 4-8,8-13,13-30, nu=0.77038, n_components=3"
Bandpower + PCA + SVM,86.67320760536728%, 18/19,RH,"[0, 2, 4]","freq bands 4-8,8-13,13-30, nu=0.77038, n_components=3"
Bandpower + PCA + SVM,63.62243700938315%, 13/19,RH,"[1, 1, 2, 0]","freq bands 4-8,8-13,13-30, nu=0.8714, n_components=3"
Bandpower + PCA + SVM,66.68979378073836%, 13/19,RH,"[1, 1, 2, 1]","freq bands 4-8,8-13,13-30, nu=0.8714, n_components=3"
Bandpower + PCA + SVM,66.0512926281859%, 14/19,RH,"[1, 1, 2, 2]","freq bands 4-8,8-13,13-30, nu=0.8714, n_components=3"
Bandpower + PCA + SVM,80.00648799920178%, 17/19,RH,"[1, 1, 2, 3]","freq bands 4-8,8-13,13-30, nu=0.8714, n_components=3"
Bandpower + PCA + SVM,74.20557363509987%, 15/19,RH,"[1, 1, 2, 4]","freq bands 4-8,8-13,13-30, nu=0.8714, n_components=3"
Bandpower + PCA + SVM,73.61011505620635%, 16/19,RH,"[1, 1, 2, 5]","freq bands 4-8,8-13,13-30, nu=0.8714, n_components=3"
Bandpower + PCA + SVM,80.22469796207632%, 17/19,RH,"[1, 1, 2, 6]","freq bands 4-8,8-13,13-30, nu=0.8714, n_components=3"
Bandpower + PCA + SVM,50.9754114596942%, 9/19,RH,"[1, 1, 2, 7]","freq bands 4-8,8-13,13-30, nu=0.8714, n_components=3"
Bandpower + PCA + SVM,79.74656735279301%, 15/19,RH,"[1, 1, 2, 8]","freq bands 4-8,8-13,13-30, nu=0.8714, n_components=3"
Bandpower + PCA + SVM,72.32661305938983%, 14/19,RH,"[1, 1, 2, 9]","freq bands 4-8,8-13,13-30, nu=0.8714, n_components=3"
Bandpower + PCA + SVM,75.31678407951475%, 16/19,RH,"[1, 1, 2, 10]","freq bands 4-8,8-13,13-30, nu=0.8714, n_components=3"
Bandpower + PCA + SVM,70.93159802873738%, 14/19,RH,"[1, 1, 2, 11]","freq bands 4-8,8-13,13-30, nu=0.8714, n_components=3"
Bandpower + PCA + SVM,84.24907080217106%, 17/19,RH,"[1, 1, 2, 12]","freq bands 4-8,8-13,13-30, nu=0.8714, n_components=3"
Bandpower + PCA + SVM,77.72986730176055%, 16/19,RH,"[1, 1, 2, 13]","freq bands 4-8,8-13,13-30, nu=0.8714, n_components=3"
Bandpower + PCA + SVM,75.90711389962448%, 16/19,RH,"[1, 1, 2, 14]","freq bands 4-8,8-13,13-30, nu=0.8714, n_components=3"
Bandpower + PCA + SVM,82.9543885574685%, 17/19,RH,"[1, 1, 2, 15]","freq bands 4-8,8-13,13-30, nu=0.8714, n_components=3"
Bandpower + PCA + SVM,60.67211451219081%, 11/19,RH,"[1, 1, 2, 16]","freq bands 4-8,8-13,13-30, nu=0.8714, n_components=3"
Bandpower + PCA + SVM,85.30899476319448%, 16/19,RH,"[1, 1, 2, 17]","freq bands 4-8,8-13,13-30, nu=0.8714, n_components=3"
Bandpower + PCA + SVM,66.19673486579248%, 11/19,RH,"[1, 1, 2, 18]","freq bands 4-8,8-13,13-30, nu=0.8714, n_components=3"
Bandpower + PCA + SVM,70.80010334017337%, 15/19,RH,"[1, 1, 2, 19]","freq bands 4-8,8-13,13-30, nu=0.8714, n_components=3"
Bandpower + PCA + SVM,64.15665126111317%, 11/19,RH,"[1, 1, 2, 20]","freq bands 4-8,8-13,13-30, nu=0.8714, n_components=3"
Bandpower + PCA + SVM,78.45295960374268%, 17/19,RH,"[1, 1, 2, 21]","freq bands 4-8,8-13,13-30, nu=0.8714, n_components=3"
Bandpower + PCA + SVM,69.91531392836436%, 12/19,RH,"[1, 1, 2, 22]","freq bands 4-8,8-13,13-30, nu=0.8714, n_components=3"
Bandpower + PCA + SVM,71.7930347869684%, 14/19,RH,"[1, 1, 2, 23]","freq bands 4-8,8-13,13-30, nu=0.8714, n_components=3"
Bandpower + PCA + SVM,80.19402896904674%, 16/19,RH,"[1, 1, 2, 24]","freq bands 4-8,8-13,13-30, nu=0.8714, n_components=3"
Bandpower + PCA + SVM,44.80240621451196%, 8/19,RH,"[1, 1, 2, 25]","freq bands 4-8,8-13,13-30, nu=0.8714, n_components=3"
Bandpower + PCA + SVM,75.99297277166727%, 15/19,RH,"[1, 1, 2, 26]","freq bands 4-8,8-13,13-30, nu=0.8714, n_components=3"
Bandpower + PCA + SVM,67.31354350517607%, 13/19,RH,"[1, 1, 2, 27]","freq bands 4-8,8-13,13-30, nu=0.8714, n_components=3"
Bandpower + PCA + SVM,68.68488457622874%, 13/19,RH,"[1, 1, 2, 28]","freq bands 4-8,8-13,13-30, nu=0.8714, n_components=3"
Bandpower + PCA + SVM,68.61962956099946%, 12/19,RH,"[1, 1, 2, 29]","freq bands 4-8,8-13,13-30, nu=0.8714, n_components=3"
Bandpower + PCA + SVM,74.21449380990948%, 15/19,RH,"[1, 1, 2, 30]","freq bands 4-8,8-13,13-30, nu=0.8714, n_components=3"
Bandpower + PCA + SVM,72.32500090966204%, 14/19,RH,"[1, 1, 2, 31]","freq bands 4-8,8-13,13-30, nu=0.8714, n_components=3"
Bandpower + PCA + SVM,85.02152357519695%, 17/19,RH,"[1, 1, 2, 32]","freq bands 4-8,8-13,13-30, nu=0.8714, n_components=3"
Bandpower + PCA + SVM,75.35708441910934%, 15/19,RH,"[1, 1, 2, 33]","freq bands 4-8,8-13,13-30, nu=0.8714, n_components=3"
Bandpower + PCA + SVM,74.86235423664654%, 15/19,RH,"[1, 1, 2, 34]","freq bands 4-8,8-13,13-30, nu=0.8714, n_components=3"
Bandpower + PCA + SVM,83.89179703814841%, 17/19,RH,"[1, 1, 2, 35]","freq bands 4-8,8-13,13-30, nu=0.8714, n_components=3"
Bandpower + PCA + SVM,82.95317560549222%, 16/19,RH,"[1, 1, 2, 36]","freq bands 4-8,8-13,13-30, nu=0.8714, n_components=3"
Bandpower + PCA + SVM,68.1799069973646%, 14/19,RH,"[1, 1, 2, 37]","freq bands 4-8,8-13,13-30, nu=0.8714, n_components=3"
Bandpower + PCA + SVM,66.67665800562372%, 13/19,RH,"[1, 1, 2, 38]","freq bands 4-8,8-13,13-30, nu=0.8714, n_components=3"
Bandpower + PCA + SVM,63.36627917186007%, 13/19,RH,"[1, 1, 2, 39]","freq bands 4-8,8-13,13-30, nu=0.8714, n_components=3"
Bandpower + PCA + SVM,64.73552161736397%, 12/19,RH,"[1, 1, 2, 40]","freq bands 4-8,8-13,13-30, nu=0.8714, n_components=3"
Bandpower + PCA + SVM,64.97133432371734%, 11/19,RH,"[1, 1, 2, 41]","freq bands 4-8,8-13,13-30, nu=0.8714, n_components=3"
Bandpower + PCA + SVM,61.560637448288134%, 13/19,RH,"[1, 1, 2, 42]","freq bands 4-8,8-13,13-30, nu=0.8714, n_components=3"
Bandpower + PCA + SVM,66.39965829572368%, 13/19,RH,"[1, 1, 2, 43]","freq bands 4-8,8-13,13-30, nu=0.8714, n_components=3"
Bandpower + PCA + SVM,75.93407131585627%, 13/19,RH,"[1, 1, 2, 44]","freq bands 4-8,8-13,13-30, nu=0.8714, n_components=3"
Bandpower + PCA + SVM,73.35900421899278%, 14/19,RH,"[1, 1, 2, 45]","freq bands 4-8,8-13,13-30, nu=0.8714, n_components=3"
Bandpower + PCA + SVM,74.44116090329041%, 15/19,RH,"[1, 1, 2, 46]","freq bands 4-8,8-13,13-30, nu=0.8714, n_components=3"
Bandpower + PCA + SVM,73.21281522786855%, 15/19,RH,"[1, 1, 2, 47]","freq bands 4-8,8-13,13-30, nu=0.8714, n_components=3"
Bandpower + PCA + SVM,78.0932155011074%, 16/19,RH,"[1, 1, 2, 48]","freq bands 4-8,8-13,13-30, nu=0.8714, n_components=3"
Bandpower + PCA + SVM,74.34748654807555%, 15/19,RH,"[1, 1, 2, 49]","freq bands 4-8,8-13,13-30, nu=0.8714, n_components=3"
Bandpower + PCA + SVM,74.45141403800626%, 15/19,RH,"[1, 1, 2, 50]","freq bands 4-8,8-13,13-30, nu=0.8714, n_components=3"
Bandpower + PCA + SVM,74.51196728808921%, 15/19,RH,"[1, 1, 2, 51]","freq bands 4-8,8-13,13-30, nu=0.8714, n_components=3"
Bandpower + PCA + SVM,85.9203092476955%, 16/19,RH,"[1, 1, 2, 52]","freq bands 4-8,8-13,13-30, nu=0.8714, n_components=3"
Bandpower + PCA + SVM,78.4221577386547%, 15/19,RH,"[1, 1, 2, 53]","freq bands 4-8,8-13,13-30, nu=0.8714, n_components=3"
Bandpower + PCA + SVM,76.23271082980644%, 14/19,RH,"[1, 1, 2, 54]","freq bands 4-8,8-13,13-30, nu=0.8714, n_components=3"
Bandpower + PCA + SVM,71.33111131203967%, 15/19,RH,"[1, 1, 2, 55]","freq bands 4-8,8-13,13-30, nu=0.8714, n_components=3"
Bandpower + PCA + SVM,71.86679891254174%, 13/19,RH,"[1, 1, 2, 56]","freq bands 4-8,8-13,13-30, nu=0.8714, n_components=3"
Bandpower + PCA + SVM,77.25711159134454%, 16/19,RH,"[1, 1, 2, 57]","freq bands 4-8,8-13,13-30, nu=0.8714, n_components=3"
Bandpower + PCA + SVM,78.47031845001638%, 16/19,RH,"[1, 1, 2, 58]","freq bands 4-8,8-13,13-30, nu=0.8714, n_components=3"
Bandpower + PCA + SVM,73.99833649917178%, 16/19,RH,"[1, 1, 2, 59]","freq bands 4-8,8-13,13-30, nu=0.8714, n_components=3"
Bandpower + PCA + SVM,67.68114577913258%, 14/19,RH,"[1, 1, 2, 60]","freq bands 4-8,8-13,13-30, nu=0.8714, n_components=3"
Bandpower + PCA + SVM,85.72537747381635%, 16/19,RH,"[1, 1, 2, 52, 0]","freq bands 4-8,8-13,13-30, nu=0.8714, n_components=3"
Bandpower + PCA + SVM,85.72537747381635%, 16/19,RH,"[1, 1, 2, 52, 1]","freq bands 4-8,8-13,13-30, nu=0.8714, n_components=3"
Bandpower + PCA + SVM,85.72537747381635%, 16/19,RH,"[1, 1, 2, 52, 2]","freq bands 4-8,8-13,13-30, nu=0.8714, n_components=3"
Bandpower + PCA + SVM,85.82284336075593%, 16/19,RH,"[1, 1, 2, 52, 3]","freq bands 4-8,8-13,13-30, nu=0.8714, n_components=3"
Bandpower + PCA + SVM,85.73876707826656%, 16/19,RH,"[1, 1, 2, 52, 4]","freq bands 4-8,8-13,13-30, nu=0.8714, n_components=3"
Bandpower + PCA + SVM,85.82284336075593%, 16/19,RH,"[1, 1, 2, 52, 5]","freq bands 4-8,8-13,13-30, nu=0.8714, n_components=3"
Bandpower + PCA + SVM,85.82284336075593%, 16/19,RH,"[1, 1, 2, 52, 6]","freq bands 4-8,8-13,13-30, nu=0.8714, n_components=3"
Bandpower + PCA + SVM,85.63617140780387%, 16/19,RH,"[1, 1, 2, 52, 7]","freq bands 4-8,8-13,13-30, nu=0.8714, n_components=3"
Bandpower + PCA + SVM,83.97099150890408%, 16/19,RH,"[1, 1, 2, 52, 8]","freq bands 4-8,8-13,13-30, nu=0.8714, n_components=3"
Bandpower + PCA + SVM,84.644992896554%, 17/19,RH,"[1, 1, 2, 52, 9]","freq bands 4-8,8-13,13-30, nu=0.8714, n_components=3"
Bandpower + PCA + SVM,85.13232233125187%, 17/19,RH,"[1, 1, 2, 52, 10]","freq bands 4-8,8-13,13-30, nu=0.8714, n_components=3"
Bandpower + PCA + SVM,85.3355139260581%, 16/19,RH,"[1, 1, 2, 52, 11]","freq bands 4-8,8-13,13-30, nu=0.8714, n_components=3"
Bandpower + PCA + SVM,85.81458353982887%, 17/19,RH,"[1, 1, 2, 52, 12]","freq bands 4-8,8-13,13-30, nu=0.8714, n_components=3"
Bandpower + PCA + SVM,85.44123963392475%, 16/19,RH,"[1, 1, 2, 52, 13]","freq bands 4-8,8-13,13-30, nu=0.8714, n_components=3"
Bandpower + PCA + SVM,85.91204942676842%, 17/19,RH,"[1, 1, 2, 52, 14]","freq bands 4-8,8-13,13-30, nu=0.8714, n_components=3"
Bandpower + PCA + SVM,85.82284336075593%, 16/19,RH,"[1, 1, 2, 52, 15]","freq bands 4-8,8-13,13-30, nu=0.8714, n_components=3"
Bandpower + PCA + SVM,85.05137608616646%, 16/19,RH,"[1, 1, 2, 52, 16]","freq bands 4-8,8-13,13-30, nu=0.8714, n_components=3"
Bandpower + PCA + SVM,84.56404665146859%, 16/19,RH,"[1, 1, 2, 52, 17]","freq bands 4-8,8-13,13-30, nu=0.8714, n_components=3"
Bandpower + PCA + SVM,85.54696534179138%, 16/19,RH,"[1, 1, 2, 52, 18]","freq bands 4-8,8-13,13-30, nu=0.8714, n_components=3"
Bandpower + PCA + SVM,85.63617140780387%, 16/19,RH,"[1, 1, 2, 52, 19]","freq bands 4-8,8-13,13-30, nu=0.8714, n_components=3"
Bandpower + PCA + SVM,85.53870552086433%, 16/19,RH,"[1, 1, 2, 52, 20]","freq bands 4-8,8-13,13-30, nu=0.8714, n_components=3"
Bandpower + PCA + SVM,85.6279115868768%, 16/19,RH,"[1, 1, 2, 52, 21]","freq bands 4-8,8-13,13-30, nu=0.8714, n_components=3"
Bandpower + PCA + SVM,85.35757752810197%, 16/19,RH,"[1, 1, 2, 52, 22]","freq bands 4-8,8-13,13-30, nu=0.8714, n_components=3"
Bandpower + PCA + SVM,90.80186341560118%, 17/19,RH,"[1, 1, 2, 52, 23]","freq bands 4-8,8-13,13-30, nu=0.8714, n_components=3"
Bandpower + PCA + SVM,85.73363729474345%, 16/19,RH,"[1, 1, 2, 52, 24]","freq bands 4-8,8-13,13-30, nu=0.8714, n_components=3"
Bandpower + PCA + SVM,85.6361714078039%, 16/19,RH,"[1, 1, 2, 52, 25]","freq bands 4-8,8-13,13-30, nu=0.8714, n_components=3"
Bandpower + PCA + SVM,84.25512934879572%, 17/19,RH,"[1, 1, 2, 52, 26]","freq bands 4-8,8-13,13-30, nu=0.8714, n_components=3"
Bandpower + PCA + SVM,84.5557868305415%, 16/19,RH,"[1, 1, 2, 52, 27]","freq bands 4-8,8-13,13-30, nu=0.8714, n_components=3"
Bandpower + PCA + SVM,85.13232233125187%, 17/19,RH,"[1, 1, 2, 52, 28]","freq bands 4-8,8-13,13-30, nu=0.8714, n_components=3"
Bandpower + PCA + SVM,84.75071860442065%, 16/19,RH,"[1, 1, 2, 52, 29]","freq bands 4-8,8-13,13-30, nu=0.8714, n_components=3"
Bandpower + PCA + SVM,85.81458353982887%, 17/19,RH,"[1, 1, 2, 52, 30]","freq bands 4-8,8-13,13-30, nu=0.8714, n_components=3"
Bandpower + PCA + SVM,85.43297981299766%, 16/19,RH,"[1, 1, 2, 52, 31]","freq bands 4-8,8-13,13-30, nu=0.8714, n_components=3"
Bandpower + PCA + SVM,85.82284336075593%, 16/19,RH,"[1, 1, 2, 52, 32]","freq bands 4-8,8-13,13-30, nu=0.8714, n_components=3"
Bandpower + PCA + SVM,85.6279115868768%, 16/19,RH,"[1, 1, 2, 52, 33]","freq bands 4-8,8-13,13-30, nu=0.8714, n_components=3"
Bandpower + PCA + SVM,85.14884197310603%, 16/19,RH,"[1, 1, 2, 52, 34]","freq bands 4-8,8-13,13-30, nu=0.8714, n_components=3"
Bandpower + PCA + SVM,85.53870552086433%, 16/19,RH,"[1, 1, 2, 52, 35]","freq bands 4-8,8-13,13-30, nu=0.8714, n_components=3"
Bandpower + PCA + SVM,85.5387055208643%, 16/19,RH,"[1, 1, 2, 52, 36]","freq bands 4-8,8-13,13-30, nu=0.8714, n_components=3"
Bandpower + PCA + SVM,90.60693164172203%, 17/19,RH,"[1, 1, 2, 52, 37]","freq bands 4-8,8-13,13-30, nu=0.8714, n_components=3"
Bandpower + PCA + SVM,84.86470413321439%, 16/19,RH,"[1, 1, 2, 52, 38]","freq bands 4-8,8-13,13-30, nu=0.8714, n_components=3"
Bandpower + PCA + SVM,79.1951630488651%, 15/19,RH,"[1, 1, 2, 52, 39]","freq bands 4-8,8-13,13-30, nu=0.8714, n_components=3"
Bandpower + PCA + SVM,89.371376359595%, 17/19,RH,"[1, 1, 2, 52, 40]","freq bands 4-8,8-13,13-30, nu=0.8714, n_components=3"
Bandpower + PCA + SVM,78.7243532560214%, 15/19,RH,"[1, 1, 2, 52, 41]","freq bands 4-8,8-13,13-30, nu=0.8714, n_components=3"
Bandpower + PCA + SVM,89.5482504559991%, 17/19,RH,"[1, 1, 2, 52, 42]","freq bands 4-8,8-13,13-30, nu=0.8714, n_components=3"
Bandpower + PCA + SVM,85.14884197310603%, 16/19,RH,"[1, 1, 2, 52, 43]","freq bands 4-8,8-13,13-30, nu=0.8714, n_components=3"
Bandpower + PCA + SVM,89.37348403803847%, 17/19,RH,"[1, 1, 2, 52, 44]","freq bands 4-8,8-13,13-30, nu=0.8714, n_components=3"
Bandpower + PCA + SVM,90.79360359467407%, 17/19,RH,"[1, 1, 2, 52, 45]","freq bands 4-8,8-13,13-30, nu=0.8714, n_components=3"
Bandpower + PCA + SVM,85.6361714078039%, 16/19,RH,"[1, 1, 2, 52, 46]","freq bands 4-8,8-13,13-30, nu=0.8714, n_components=3"
Bandpower + PCA + SVM,85.53044569993723%, 16/19,RH,"[1, 1, 2, 52, 47]","freq bands 4-8,8-13,13-30, nu=0.8714, n_components=3"
Bandpower + PCA + SVM,85.6361714078039%, 16/19,RH,"[1, 1, 2, 52, 48]","freq bands 4-8,8-13,13-30, nu=0.8714, n_components=3"
Bandpower + PCA + SVM,85.6279115868768%, 16/19,RH,"[1, 1, 2, 52, 49]","freq bands 4-8,8-13,13-30, nu=0.8714, n_components=3"
Bandpower + PCA + SVM,85.73363729474345%, 16/19,RH,"[1, 1, 2, 52, 50]","freq bands 4-8,8-13,13-30, nu=0.8714, n_components=3"
Bandpower + PCA + SVM,85.6361714078039%, 16/19,RH,"[1, 1, 2, 52, 51]","freq bands 4-8,8-13,13-30, nu=0.8714, n_components=3"
Bandpower + PCA + SVM,85.92856906862258%, 16/19,RH,"[1, 1, 2, 52, 52]","freq bands 4-8,8-13,13-30, nu=0.8714, n_components=3"
Bandpower + PCA + SVM,80.35649387121288%, 16/19,RH,"[1, 1, 2, 52, 53]","freq bands 4-8,8-13,13-30, nu=0.8714, n_components=3"
Bandpower + PCA + SVM,78.92573704096435%, 15/19,RH,"[1, 1, 2, 52, 54]","freq bands 4-8,8-13,13-30, nu=0.8714, n_components=3"
Bandpower + PCA + SVM,74.2781770973964%, 14/19,RH,"[1, 1, 2, 52, 55]","freq bands 4-8,8-13,13-30, nu=0.8714, n_components=3"
Bandpower + PCA + SVM,82.83011086388612%, 17/19,RH,"[1, 1, 2, 52, 56]","freq bands 4-8,8-13,13-30, nu=0.8714, n_components=3"
Bandpower + PCA + SVM,85.34377374698518%, 16/19,RH,"[1, 1, 2, 52, 57]","freq bands 4-8,8-13,13-30, nu=0.8714, n_components=3"
Bandpower + PCA + SVM,74.17917317483592%, 15/19,RH,"[1, 1, 2, 52, 58]","freq bands 4-8,8-13,13-30, nu=0.8714, n_components=3"
Bandpower + PCA + SVM,84.5640466514686%, 16/19,RH,"[1, 1, 2, 52, 59]","freq bands 4-8,8-13,13-30, nu=0.8714, n_components=3"
Bandpower + PCA + SVM,85.91204942676842%, 17/19,RH,"[1, 1, 2, 52, 60]","freq bands 4-8,8-13,13-30, nu=0.8714, n_components=3"
Bandpower + PCA + SVM,90.6961377077345%, 17/19,RH,"[1, 1, 2, 23, 52, 0]","freq bands 4-8,8-13,13-30, nu=0.8714, n_components=3"
Bandpower + PCA + SVM,90.7043975286616%, 17/19,RH,"[1, 1, 2, 23, 52, 1]","freq bands 4-8,8-13,13-30, nu=0.8714, n_components=3"
Bandpower + PCA + SVM,90.7043975286616%, 17/19,RH,"[1, 1, 2, 23, 52, 2]","freq bands 4-8,8-13,13-30, nu=0.8714, n_components=3"
Bandpower + PCA + SVM,90.89106948161364%, 17/19,RH,"[1, 1, 2, 23, 52, 3]","freq bands 4-8,8-13,13-30, nu=0.8714, n_components=3"
Bandpower + PCA + SVM,90.41754382803259%, 17/19,RH,"[1, 1, 2, 23, 52, 4]","freq bands 4-8,8-13,13-30, nu=0.8714, n_components=3"
Bandpower + PCA + SVM,90.7043975286616%, 17/19,RH,"[1, 1, 2, 23, 52, 5]","freq bands 4-8,8-13,13-30, nu=0.8714, n_components=3"
Bandpower + PCA + SVM,90.89106948161364%, 17/19,RH,"[1, 1, 2, 23, 52, 6]","freq bands 4-8,8-13,13-30, nu=0.8714, n_components=3"
Bandpower + PCA + SVM,85.34377374698518%, 16/19,RH,"[1, 1, 2, 23, 52, 7]","freq bands 4-8,8-13,13-30, nu=0.8714, n_components=3"
Bandpower + PCA + SVM,84.05193775398949%, 17/19,RH,"[1, 1, 2, 23, 52, 8]","freq bands 4-8,8-13,13-30, nu=0.8714, n_components=3"
Bandpower + PCA + SVM,89.6240129513992%, 17/19,RH,"[1, 1, 2, 23, 52, 9]","freq bands 4-8,8-13,13-30, nu=0.8714, n_components=3"
Bandpower + PCA + SVM,90.20880827303664%, 17/19,RH,"[1, 1, 2, 23, 52, 10]","freq bands 4-8,8-13,13-30, nu=0.8714, n_components=3"
Bandpower + PCA + SVM,90.11960220702416%, 17/19,RH,"[1, 1, 2, 23, 52, 11]","freq bands 4-8,8-13,13-30, nu=0.8714, n_components=3"
Bandpower + PCA + SVM,90.80186341560118%, 17/19,RH,"[1, 1, 2, 23, 52, 12]","freq bands 4-8,8-13,13-30, nu=0.8714, n_components=3"
Bandpower + PCA + SVM,90.6961377077345%, 17/19,RH,"[1, 1, 2, 23, 52, 13]","freq bands 4-8,8-13,13-30, nu=0.8714, n_components=3"
Bandpower + PCA + SVM,85.34377374698518%, 16/19,RH,"[1, 1, 2, 23, 52, 14]","freq bands 4-8,8-13,13-30, nu=0.8714, n_components=3"
Bandpower + PCA + SVM,90.7043975286616%, 17/19,RH,"[1, 1, 2, 23, 52, 15]","freq bands 4-8,8-13,13-30, nu=0.8714, n_components=3"
Bandpower + PCA + SVM,84.85644431228731%, 16/19,RH,"[1, 1, 2, 23, 52, 16]","freq bands 4-8,8-13,13-30, nu=0.8714, n_components=3"
Bandpower + PCA + SVM,84.2633891697228%, 16/19,RH,"[1, 1, 2, 23, 52, 17]","freq bands 4-8,8-13,13-30, nu=0.8714, n_components=3"
Bandpower + PCA + SVM,90.79360359467407%, 17/19,RH,"[1, 1, 2, 23, 52, 18]","freq bands 4-8,8-13,13-30, nu=0.8714, n_components=3"
Bandpower + PCA + SVM,90.7043975286616%, 17/19,RH,"[1, 1, 2, 23, 52, 19]","freq bands 4-8,8-13,13-30, nu=0.8714, n_components=3"
Bandpower + PCA + SVM,90.7043975286616%, 17/19,RH,"[1, 1, 2, 23, 52, 20]","freq bands 4-8,8-13,13-30, nu=0.8714, n_components=3"
Bandpower + PCA + SVM,90.88280966068656%, 18/19,RH,"[1, 1, 2, 23, 52, 21]","freq bands 4-8,8-13,13-30, nu=0.8714, n_components=3"
Bandpower + PCA + SVM,90.40928400710551%, 18/19,RH,"[1, 1, 2, 23, 52, 22]","freq bands 4-8,8-13,13-30, nu=0.8714, n_components=3"
Bandpower + PCA + SVM,90.78534377374699%, 18/19,RH,"[1, 1, 2, 23, 52, 23]","freq bands 4-8,8-13,13-30, nu=0.8714, n_components=3"
Bandpower + PCA + SVM,90.97555994076959%, 18/19,RH,"[1, 1, 2, 23, 52, 24]","freq bands 4-8,8-13,13-30, nu=0.8714, n_components=3"
Bandpower + PCA + SVM,90.88280966068656%, 18/19,RH,"[1, 1, 2, 23, 52, 25]","freq bands 4-8,8-13,13-30, nu=0.8714, n_components=3"
Bandpower + PCA + SVM,89.13668351670137%, 17/19,RH,"[1, 1, 2, 23, 52, 26]","freq bands 4-8,8-13,13-30, nu=0.8714, n_components=3"
Bandpower + PCA + SVM,89.72973865926586%, 17/19,RH,"[1, 1, 2, 23, 52, 27]","freq bands 4-8,8-13,13-30, nu=0.8714, n_components=3"
Bandpower + PCA + SVM,90.11960220702416%, 17/19,RH,"[1, 1, 2, 23, 52, 28]","freq bands 4-8,8-13,13-30, nu=0.8714, n_components=3"
Bandpower + PCA + SVM,89.82720454620544%, 17/19,RH,"[1, 1, 2, 23, 52, 29]","freq bands 4-8,8-13,13-30, nu=0.8714, n_components=3"
Bandpower + PCA + SVM,90.98027554762614%, 18/19,RH,"[1, 1, 2, 23, 52, 30]","freq bands 4-8,8-13,13-30, nu=0.8714, n_components=3"
Bandpower + PCA + SVM,90.41199986784288%, 17/19,RH,"[1, 1, 2, 23, 52, 31]","freq bands 4-8,8-13,13-30, nu=0.8714, n_components=3"
Bandpower + PCA + SVM,90.9802755476261%, 18/19,RH,"[1, 1, 2, 23, 52, 32]","freq bands 4-8,8-13,13-30, nu=0.8714, n_components=3"
Bandpower + PCA + SVM,90.59867182079493%, 17/19,RH,"[1, 1, 2, 23, 52, 33]","freq bands 4-8,8-13,13-30, nu=0.8714, n_components=3"
Bandpower + PCA + SVM,85.14058215217895%, 16/19,RH,"[1, 1, 2, 23, 52, 34]","freq bands 4-8,8-13,13-30, nu=0.8714, n_components=3"
Bandpower + PCA + SVM,90.3145339809033%, 17/19,RH,"[1, 1, 2, 23, 52, 35]","freq bands 4-8,8-13,13-30, nu=0.8714, n_components=3"
Bandpower + PCA + SVM,90.59867182079492%, 17/19,RH,"[1, 1, 2, 23, 52, 36]","freq bands 4-8,8-13,13-30, nu=0.8714, n_components=3"
Bandpower + PCA + SVM,90.3145339809033%, 17/19,RH,"[1, 1, 2, 23, 52, 37]","freq bands 4-8,8-13,13-30, nu=0.8714, n_components=3"
Bandpower + PCA + SVM,89.93652200197431%, 17/19,RH,"[1, 1, 2, 23, 52, 38]","freq bands 4-8,8-13,13-30, nu=0.8714, n_components=3"
Bandpower + PCA + SVM,79.00849109591303%, 15/19,RH,"[1, 1, 2, 23, 52, 39]","freq bands 4-8,8-13,13-30, nu=0.8714, n_components=3"
Bandpower + PCA + SVM,89.16505472738484%, 17/19,RH,"[1, 1, 2, 23, 52, 40]","freq bands 4-8,8-13,13-30, nu=0.8714, n_components=3"
Bandpower + PCA + SVM,78.71609343509431%, 15/19,RH,"[1, 1, 2, 23, 52, 41]","freq bands 4-8,8-13,13-30, nu=0.8714, n_components=3"
Bandpower + PCA + SVM,89.34505886119285%, 17/19,RH,"[1, 1, 2, 23, 52, 42]","freq bands 4-8,8-13,13-30, nu=0.8714, n_components=3"
Bandpower + PCA + SVM,90.2155300583428%, 17/19,RH,"[1, 1, 2, 23, 52, 43]","freq bands 4-8,8-13,13-30, nu=0.8714, n_components=3"
Bandpower + PCA + SVM,89.08262441284066%, 17/19,RH,"[1, 1, 2, 23, 52, 44]","freq bands 4-8,8-13,13-30, nu=0.8714, n_components=3"
Bandpower + PCA + SVM,90.60693164172203%, 17/19,RH,"[1, 1, 2, 23, 52, 45]","freq bands 4-8,8-13,13-30, nu=0.8714, n_components=3"
Bandpower + PCA + SVM,90.79360359467407%, 17/19,RH,"[1, 1, 2, 23, 52, 46]","freq bands 4-8,8-13,13-30, nu=0.8714, n_components=3"
Bandpower + PCA + SVM,90.50946575478245%, 17/19,RH,"[1, 1, 2, 23, 52, 47]","freq bands 4-8,8-13,13-30, nu=0.8714, n_components=3"
Bandpower + PCA + SVM,90.78534377374699%, 18/19,RH,"[1, 1, 2, 23, 52, 48]","freq bands 4-8,8-13,13-30, nu=0.8714, n_components=3"
Bandpower + PCA + SVM,90.59867182079493%, 17/19,RH,"[1, 1, 2, 23, 52, 49]","freq bands 4-8,8-13,13-30, nu=0.8714, n_components=3"
Bandpower + PCA + SVM,90.89106948161364%, 17/19,RH,"[1, 1, 2, 23, 52, 50]","freq bands 4-8,8-13,13-30, nu=0.8714, n_components=3"
Bandpower + PCA + SVM,90.79360359467407%, 17/19,RH,"[1, 1, 2, 23, 52, 51]","freq bands 4-8,8-13,13-30, nu=0.8714, n_components=3"
Bandpower + PCA + SVM,85.83110318168302%, 16/19,RH,"[1, 1, 2, 23, 52, 52]","freq bands 4-8,8-13,13-30, nu=0.8714, n_components=3"
Bandpower + PCA + SVM,80.44569993722536%, 16/19,RH,"[1, 1, 2, 23, 52, 53]","freq bands 4-8,8-13,13-30, nu=0.8714, n_components=3"
Bandpower + PCA + SVM,78.83011013302364%, 15/19,RH,"[1, 1, 2, 23, 52, 54]","freq bands 4-8,8-13,13-30, nu=0.8714, n_components=3"
Bandpower + PCA + SVM,79.63054105814574%, 16/19,RH,"[1, 1, 2, 23, 52, 55]","freq bands 4-8,8-13,13-30, nu=0.8714, n_components=3"
Bandpower + PCA + SVM,87.89833698474384%, 18/19,RH,"[1, 1, 2, 23, 52, 56]","freq bands 4-8,8-13,13-30, nu=0.8714, n_components=3"
Bandpower + PCA + SVM,90.59041199986785%, 18/19,RH,"[1, 1, 2, 23, 52, 57]","freq bands 4-8,8-13,13-30, nu=0.8714, n_components=3"
Bandpower + PCA + SVM,79.53153713558525%, 16/19,RH,"[1, 1, 2, 23, 52, 58]","freq bands 4-8,8-13,13-30, nu=0.8714, n_components=3"
Bandpower + PCA + SVM,89.72147883833878%, 17/19,RH,"[1, 1, 2, 23, 52, 59]","freq bands 4-8,8-13,13-30, nu=0.8714, n_components=3"
Bandpower + PCA + SVM,90.7043975286616%, 17/19,RH,"[1, 1, 2, 23, 52, 60]","freq bands 4-8,8-13,13-30, nu=0.8714, n_components=3"
Bandpower + PCA + SVM,90.88280966068656%, 18/19,RH,"[1, 1, 2, 23, 30, 52, 0]","freq bands 4-8,8-13,13-30, nu=0.8714, n_components=3"
Bandpower + PCA + SVM,90.88280966068656%, 18/19,RH,"[1, 1, 2, 23, 30, 52, 1]","freq bands 4-8,8-13,13-30, nu=0.8714, n_components=3"
Bandpower + PCA + SVM,90.88280966068656%, 18/19,RH,"[1, 1, 2, 23, 30, 52, 2]","freq bands 4-8,8-13,13-30, nu=0.8714, n_components=3"
Bandpower + PCA + SVM,90.78534377374699%, 18/19,RH,"[1, 1, 2, 23, 30, 52, 3]","freq bands 4-8,8-13,13-30, nu=0.8714, n_components=3"
Bandpower + PCA + SVM,90.78734351986618%, 18/19,RH,"[1, 1, 2, 23, 30, 52, 4]","freq bands 4-8,8-13,13-30, nu=0.8714, n_components=3"
Bandpower + PCA + SVM,90.6961377077345%, 17/19,RH,"[1, 1, 2, 23, 30, 52, 5]","freq bands 4-8,8-13,13-30, nu=0.8714, n_components=3"
Bandpower + PCA + SVM,90.87454983975948%, 18/19,RH,"[1, 1, 2, 23, 30, 52, 6]","freq bands 4-8,8-13,13-30, nu=0.8714, n_components=3"
Bandpower + PCA + SVM,90.50946575478245%, 17/19,RH,"[1, 1, 2, 23, 30, 52, 7]","freq bands 4-8,8-13,13-30, nu=0.8714, n_components=3"
Bandpower + PCA + SVM,89.12842369577429%, 18/19,RH,"[1, 1, 2, 23, 30, 52, 8]","freq bands 4-8,8-13,13-30, nu=0.8714, n_components=3"
Bandpower + PCA + SVM,89.89989097036376%, 18/19,RH,"[1, 1, 2, 23, 30, 52, 9]","freq bands 4-8,8-13,13-30, nu=0.8714, n_components=3"
Bandpower + PCA + SVM,90.28975451812205%, 18/19,RH,"[1, 1, 2, 23, 30, 52, 10]","freq bands 4-8,8-13,13-30, nu=0.8714, n_components=3"
Bandpower + PCA + SVM,90.20880827303664%, 17/19,RH,"[1, 1, 2, 23, 30, 52, 11]","freq bands 4-8,8-13,13-30, nu=0.8714, n_components=3"
Bandpower + PCA + SVM,91.0694816136386%, 18/19,RH,"[1, 1, 2, 23, 30, 52, 12]","freq bands 4-8,8-13,13-30, nu=0.8714, n_components=3"
Bandpower + PCA + SVM,90.6961377077345%, 17/19,RH,"[1, 1, 2, 23, 30, 52, 13]","freq bands 4-8,8-13,13-30, nu=0.8714, n_components=3"
Bandpower + PCA + SVM,90.87454983975948%, 18/19,RH,"[1, 1, 2, 23, 30, 52, 14]","freq bands 4-8,8-13,13-30, nu=0.8714, n_components=3"
Bandpower + PCA + SVM,90.97201572669903%, 18/19,RH,"[1, 1, 2, 23, 30, 52, 15]","freq bands 4-8,8-13,13-30, nu=0.8714, n_components=3"
Bandpower + PCA + SVM,84.92913073644563%, 17/19,RH,"[1, 1, 2, 23, 30, 52, 16]","freq bands 4-8,8-13,13-30, nu=0.8714, n_components=3"
Bandpower + PCA + SVM,89.61575313047213%, 18/19,RH,"[1, 1, 2, 23, 30, 52, 17]","freq bands 4-8,8-13,13-30, nu=0.8714, n_components=3"
Bandpower + PCA + SVM,90.6961377077345%, 17/19,RH,"[1, 1, 2, 23, 30, 52, 18]","freq bands 4-8,8-13,13-30, nu=0.8714, n_components=3"
Bandpower + PCA + SVM,90.78534377374699%, 18/19,RH,"[1, 1, 2, 23, 30, 52, 19]","freq bands 4-8,8-13,13-30, nu=0.8714, n_components=3"
Bandpower + PCA + SVM,90.78534377374699%, 18/19,RH,"[1, 1, 2, 23, 30, 52, 20]","freq bands 4-8,8-13,13-30, nu=0.8714, n_components=3"
Bandpower + PCA + SVM,90.77708395281991%, 18/19,RH,"[1, 1, 2, 23, 30, 52, 21]","freq bands 4-8,8-13,13-30, nu=0.8714, n_components=3"
Bandpower + PCA + SVM,90.310280084545%, 18/19,RH,"[1, 1, 2, 23, 30, 52, 22]","freq bands 4-8,8-13,13-30, nu=0.8714, n_components=3"
Bandpower + PCA + SVM,90.68787788680741%, 18/19,RH,"[1, 1, 2, 23, 30, 52, 23]","freq bands 4-8,8-13,13-30, nu=0.8714, n_components=3"
Bandpower + PCA + SVM,90.59890589220929%, 18/19,RH,"[1, 1, 2, 23, 30, 52, 24]","freq bands 4-8,8-13,13-30, nu=0.8714, n_components=3"
Bandpower + PCA + SVM,90.68787788680741%, 18/19,RH,"[1, 1, 2, 23, 30, 52, 25]","freq bands 4-8,8-13,13-30, nu=0.8714, n_components=3"
Bandpower + PCA + SVM,89.0392176297618%, 17/19,RH,"[1, 1, 2, 23, 30, 52, 26]","freq bands 4-8,8-13,13-30, nu=0.8714, n_components=3"
Bandpower + PCA + SVM,79.38029696619625%, 16/19,RH,"[1, 1, 2, 23, 30, 52, 27]","freq bands 4-8,8-13,13-30, nu=0.8714, n_components=3"
Bandpower + PCA + SVM,90.3939421903678%, 18/19,RH,"[1, 1, 2, 23, 30, 52, 28]","freq bands 4-8,8-13,13-30, nu=0.8714, n_components=3"
Bandpower + PCA + SVM,84.46658076452903%, 16/19,RH,"[1, 1, 2, 23, 30, 52, 29]","freq bands 4-8,8-13,13-30, nu=0.8714, n_components=3"
Bandpower + PCA + SVM,90.78380573812609%, 18/19,RH,"[1, 1, 2, 23, 30, 52, 30]","freq bands 4-8,8-13,13-30, nu=0.8714, n_components=3"
Bandpower + PCA + SVM,90.21706809396373%, 17/19,RH,"[1, 1, 2, 23, 30, 52, 31]","freq bands 4-8,8-13,13-30, nu=0.8714, n_components=3"
Bandpower + PCA + SVM,90.87454983975948%, 18/19,RH,"[1, 1, 2, 23, 30, 52, 32]","freq bands 4-8,8-13,13-30, nu=0.8714, n_components=3"
Bandpower + PCA + SVM,90.50946575478245%, 17/19,RH,"[1, 1, 2, 23, 30, 52, 33]","freq bands 4-8,8-13,13-30, nu=0.8714, n_components=3"
Bandpower + PCA + SVM,85.12406251032478%, 17/19,RH,"[1, 1, 2, 23, 30, 52, 34]","freq bands 4-8,8-13,13-30, nu=0.8714, n_components=3"
Bandpower + PCA + SVM,90.58215217894076%, 18/19,RH,"[1, 1, 2, 23, 30, 52, 35]","freq bands 4-8,8-13,13-30, nu=0.8714, n_components=3"
Bandpower + PCA + SVM,90.59041199986784%, 18/19,RH,"[1, 1, 2, 23, 30, 52, 36]","freq bands 4-8,8-13,13-30, nu=0.8714, n_components=3"
Bandpower + PCA + SVM,90.49294611292827%, 18/19,RH,"[1, 1, 2, 23, 30, 52, 37]","freq bands 4-8,8-13,13-30, nu=0.8714, n_components=3"
Bandpower + PCA + SVM,89.74159022809518%, 17/19,RH,"[1, 1, 2, 23, 30, 52, 38]","freq bands 4-8,8-13,13-30, nu=0.8714, n_components=3"
Bandpower + PCA + SVM,79.20342286979218%, 15/19,RH,"[1, 1, 2, 23, 30, 52, 39]","freq bands 4-8,8-13,13-30, nu=0.8714, n_components=3"
Bandpower + PCA + SVM,89.16505472738481%, 17/19,RH,"[1, 1, 2, 23, 30, 52, 40]","freq bands 4-8,8-13,13-30, nu=0.8714, n_components=3"
Bandpower + PCA + SVM,78.43867738050886%, 15/19,RH,"[1, 1, 2, 23, 30, 52, 41]","freq bands 4-8,8-13,13-30, nu=0.8714, n_components=3"
Bandpower + PCA + SVM,89.2475929742533%, 17/19,RH,"[1, 1, 2, 23, 30, 52, 42]","freq bands 4-8,8-13,13-30, nu=0.8714, n_components=3"
Bandpower + PCA + SVM,79.60000820285664%, 15/19,RH,"[1, 1, 2, 23, 30, 52, 43]","freq bands 4-8,8-13,13-30, nu=0.8714, n_components=3"
Bandpower + PCA + SVM,89.26775833017182%, 17/19,RH,"[1, 1, 2, 23, 30, 52, 44]","freq bands 4-8,8-13,13-30, nu=0.8714, n_components=3"
Bandpower + PCA + SVM,80.16002406171282%, 16/19,RH,"[1, 1, 2, 23, 30, 52, 45]","freq bands 4-8,8-13,13-30, nu=0.8714, n_components=3"
Bandpower + PCA + SVM,90.88127162506566%, 18/19,RH,"[1, 1, 2, 23, 30, 52, 46]","freq bands 4-8,8-13,13-30, nu=0.8714, n_components=3"
Bandpower + PCA + SVM,79.8856840783692%, 15/19,RH,"[1, 1, 2, 23, 30, 52, 47]","freq bands 4-8,8-13,13-30, nu=0.8714, n_components=3"
Bandpower + PCA + SVM,90.87454983975948%, 18/19,RH,"[1, 1, 2, 23, 30, 52, 48]","freq bands 4-8,8-13,13-30, nu=0.8714, n_components=3"
Bandpower + PCA + SVM,90.68787788680743%, 18/19,RH,"[1, 1, 2, 23, 30, 52, 49]","freq bands 4-8,8-13,13-30, nu=0.8714, n_components=3"
Bandpower + PCA + SVM,90.87454983975948%, 18/19,RH,"[1, 1, 2, 23, 30, 52, 50]","freq bands 4-8,8-13,13-30, nu=0.8714, n_components=3"
Bandpower + PCA + SVM,85.70885783196219%, 17/19,RH,"[1, 1, 2, 23, 30, 52, 51]","freq bands 4-8,8-13,13-30, nu=0.8714, n_components=3"
Bandpower + PCA + SVM,85.9203092476955%, 16/19,RH,"[1, 1, 2, 23, 30, 52, 52]","freq bands 4-8,8-13,13-30, nu=0.8714, n_components=3"
Bandpower + PCA + SVM,80.25902798427332%, 16/19,RH,"[1, 1, 2, 23, 30, 52, 53]","freq bands 4-8,8-13,13-30, nu=0.8714, n_components=3"
Bandpower + PCA + SVM,79.31653566278986%, 15/19,RH,"[1, 1, 2, 23, 30, 52, 54]","freq bands 4-8,8-13,13-30, nu=0.8714, n_components=3"
Bandpower + PCA + SVM,79.62228123721864%, 16/19,RH,"[1, 1, 2, 23, 30, 52, 55]","freq bands 4-8,8-13,13-30, nu=0.8714, n_components=3"
Bandpower + PCA + SVM,87.98908108637723%, 18/19,RH,"[1, 1, 2, 23, 30, 52, 56]","freq bands 4-8,8-13,13-30, nu=0.8714, n_components=3"
Bandpower + PCA + SVM,80.15330227640665%, 16/19,RH,"[1, 1, 2, 23, 30, 52, 57]","freq bands 4-8,8-13,13-30, nu=0.8714, n_components=3"
Bandpower + PCA + SVM,79.53153713558525%, 16/19,RH,"[1, 1, 2, 23, 30, 52, 58]","freq bands 4-8,8-13,13-30, nu=0.8714, n_components=3"
Bandpower + PCA + SVM,84.54752700961444%, 17/19,RH,"[1, 1, 2, 23, 30, 52, 59]","freq bands 4-8,8-13,13-30, nu=0.8714, n_components=3"
Bandpower + PCA + SVM,90.77708395281991%, 18/19,RH,"[1, 1, 2, 23, 30, 52, 60]","freq bands 4-8,8-13,13-30, nu=0.8714, n_components=3"
Bandpower + PCA + SVM,90.87454983975948%, 18/19,RH,"[1, 1, 2, 12, 23, 30, 52, 0]","freq bands 4-8,8-13,13-30, nu=0.8714, n_components=3"
Bandpower + PCA + SVM,90.87454983975948%, 18/19,RH,"[1, 1, 2, 12, 23, 30, 52, 1]","freq bands 4-8,8-13,13-30, nu=0.8714, n_components=3"
Bandpower + PCA + SVM,90.87454983975945%, 18/19,RH,"[1, 1, 2, 12, 23, 30, 52, 2]","freq bands 4-8,8-13,13-30, nu=0.8714, n_components=3"
Bandpower + PCA + SVM,90.78221373634304%, 18/19,RH,"[1, 1, 2, 12, 23, 30, 52, 3]","freq bands 4-8,8-13,13-30, nu=0.8714, n_components=3"
Bandpower + PCA + SVM,90.78734351986618%, 18/19,RH,"[1, 1, 2, 12, 23, 30, 52, 4]","freq bands 4-8,8-13,13-30, nu=0.8714, n_components=3"
Bandpower + PCA + SVM,90.87454983975948%, 18/19,RH,"[1, 1, 2, 12, 23, 30, 52, 5]","freq bands 4-8,8-13,13-30, nu=0.8714, n_components=3"
Bandpower + PCA + SVM,90.77708395281991%, 18/19,RH,"[1, 1, 2, 12, 23, 30, 52, 6]","freq bands 4-8,8-13,13-30, nu=0.8714, n_components=3"
Bandpower + PCA + SVM,90.40374004691577%, 17/19,RH,"[1, 1, 2, 12, 23, 30, 52, 7]","freq bands 4-8,8-13,13-30, nu=0.8714, n_components=3"
Bandpower + PCA + SVM,89.12842369577429%, 18/19,RH,"[1, 1, 2, 12, 23, 30, 52, 8]","freq bands 4-8,8-13,13-30, nu=0.8714, n_components=3"
Bandpower + PCA + SVM,89.51674920791166%, 18/19,RH,"[1, 1, 2, 12, 23, 30, 52, 9]","freq bands 4-8,8-13,13-30, nu=0.8714, n_components=3"
Bandpower + PCA + SVM,90.19901041648866%, 18/19,RH,"[1, 1, 2, 12, 23, 30, 52, 10]","freq bands 4-8,8-13,13-30, nu=0.8714, n_components=3"
Bandpower + PCA + SVM,90.38722040506163%, 18/19,RH,"[1, 1, 2, 12, 23, 30, 52, 11]","freq bands 4-8,8-13,13-30, nu=0.8714, n_components=3"
Bandpower + PCA + SVM,90.87454983975948%, 18/19,RH,"[1, 1, 2, 12, 23, 30, 52, 12]","freq bands 4-8,8-13,13-30, nu=0.8714, n_components=3"
Bandpower + PCA + SVM,90.77708395281991%, 18/19,RH,"[1, 1, 2, 12, 23, 30, 52, 13]","freq bands 4-8,8-13,13-30, nu=0.8714, n_components=3"
Bandpower + PCA + SVM,90.77708395281992%, 18/19,RH,"[1, 1, 2, 12, 23, 30, 52, 14]","freq bands 4-8,8-13,13-30, nu=0.8714, n_components=3"
Bandpower + PCA + SVM,90.87454983975948%, 18/19,RH,"[1, 1, 2, 12, 23, 30, 52, 15]","freq bands 4-8,8-13,13-30, nu=0.8714, n_components=3"
Bandpower + PCA + SVM,84.92913073644563%, 17/19,RH,"[1, 1, 2, 12, 23, 30, 52, 16]","freq bands 4-8,8-13,13-30, nu=0.8714, n_components=3"
Bandpower + PCA + SVM,89.81068490435126%, 18/19,RH,"[1, 1, 2, 12, 23, 30, 52, 17]","freq bands 4-8,8-13,13-30, nu=0.8714, n_components=3"
Bandpower + PCA + SVM,90.87454983975948%, 18/19,RH,"[1, 1, 2, 12, 23, 30, 52, 18]","freq bands 4-8,8-13,13-30, nu=0.8714, n_components=3"
Bandpower + PCA + SVM,90.87454983975948%, 18/19,RH,"[1, 1, 2, 12, 23, 30, 52, 19]","freq bands 4-8,8-13,13-30, nu=0.8714, n_components=3"
Bandpower + PCA + SVM,90.77708395281991%, 18/19,RH,"[1, 1, 2, 12, 23, 30, 52, 20]","freq bands 4-8,8-13,13-30, nu=0.8714, n_components=3"
Bandpower + PCA + SVM,90.77708395281991%, 18/19,RH,"[1, 1, 2, 12, 23, 30, 52, 21]","freq bands 4-8,8-13,13-30, nu=0.8714, n_components=3"
Bandpower + PCA + SVM,90.39771404352226%, 18/19,RH,"[1, 1, 2, 12, 23, 30, 52, 22]","freq bands 4-8,8-13,13-30, nu=0.8714, n_components=3"
Bandpower + PCA + SVM,90.60693164172203%, 17/19,RH,"[1, 1, 2, 12, 23, 30, 52, 23]","freq bands 4-8,8-13,13-30, nu=0.8714, n_components=3"
Bandpower + PCA + SVM,90.78893552164922%, 18/19,RH,"[1, 1, 2, 12, 23, 30, 52, 24]","freq bands 4-8,8-13,13-30, nu=0.8714, n_components=3"
Bandpower + PCA + SVM,90.59713378517401%, 18/19,RH,"[1, 1, 2, 12, 23, 30, 52, 25]","freq bands 4-8,8-13,13-30, nu=0.8714, n_components=3"
Bandpower + PCA + SVM,89.22588958271386%, 18/19,RH,"[1, 1, 2, 12, 23, 30, 52, 26]","freq bands 4-8,8-13,13-30, nu=0.8714, n_components=3"
Bandpower + PCA + SVM,79.18536519231711%, 16/19,RH,"[1, 1, 2, 12, 23, 30, 52, 27]","freq bands 4-8,8-13,13-30, nu=0.8714, n_components=3"
Bandpower + PCA + SVM,90.19901041648866%, 18/19,RH,"[1, 1, 2, 12, 23, 30, 52, 28]","freq bands 4-8,8-13,13-30, nu=0.8714, n_components=3"
Bandpower + PCA + SVM,84.83166484950605%, 17/19,RH,"[1, 1, 2, 12, 23, 30, 52, 29]","freq bands 4-8,8-13,13-30, nu=0.8714, n_components=3"
Bandpower + PCA + SVM,90.68633985118652%, 18/19,RH,"[1, 1, 2, 12, 23, 30, 52, 30]","freq bands 4-8,8-13,13-30, nu=0.8714, n_components=3"
Bandpower + PCA + SVM,90.48468629200119%, 18/19,RH,"[1, 1, 2, 12, 23, 30, 52, 31]","freq bands 4-8,8-13,13-30, nu=0.8714, n_components=3"
Bandpower + PCA + SVM,90.68633985118652%, 18/19,RH,"[1, 1, 2, 12, 23, 30, 52, 32]","freq bands 4-8,8-13,13-30, nu=0.8714, n_components=3"
Bandpower + PCA + SVM,90.67961806588033%, 18/19,RH,"[1, 1, 2, 12, 23, 30, 52, 33]","freq bands 4-8,8-13,13-30, nu=0.8714, n_components=3"
Bandpower + PCA + SVM,90.38722040506163%, 18/19,RH,"[1, 1, 2, 12, 23, 30, 52, 34]","freq bands 4-8,8-13,13-30, nu=0.8714, n_components=3"
Bandpower + PCA + SVM,90.58215217894076%, 18/19,RH,"[1, 1, 2, 12, 23, 30, 52, 35]","freq bands 4-8,8-13,13-30, nu=0.8714, n_components=3"
Bandpower + PCA + SVM,90.59041199986784%, 18/19,RH,"[1, 1, 2, 12, 23, 30, 52, 36]","freq bands 4-8,8-13,13-30, nu=0.8714, n_components=3"
Bandpower + PCA + SVM,90.58215217894077%, 18/19,RH,"[1, 1, 2, 12, 23, 30, 52, 37]","freq bands 4-8,8-13,13-30, nu=0.8714, n_components=3"
Bandpower + PCA + SVM,89.73846019069124%, 17/19,RH,"[1, 1, 2, 12, 23, 30, 52, 38]","freq bands 4-8,8-13,13-30, nu=0.8714, n_components=3"
Bandpower + PCA + SVM,79.10441894723171%, 15/19,RH,"[1, 1, 2, 12, 23, 30, 52, 39]","freq bands 4-8,8-13,13-30, nu=0.8714, n_components=3"
Bandpower + PCA + SVM,89.16864647528708%, 17/19,RH,"[1, 1, 2, 12, 23, 30, 52, 40]","freq bands 4-8,8-13,13-30, nu=0.8714, n_components=3"
Bandpower + PCA + SVM,78.62534933346093%, 15/19,RH,"[1, 1, 2, 12, 23, 30, 52, 41]","freq bands 4-8,8-13,13-30, nu=0.8714, n_components=3"
Bandpower + PCA + SVM,89.33679904026577%, 18/19,RH,"[1, 1, 2, 12, 23, 30, 52, 42]","freq bands 4-8,8-13,13-30, nu=0.8714, n_components=3"
Bandpower + PCA + SVM,79.69747408979622%, 15/19,RH,"[1, 1, 2, 12, 23, 30, 52, 43]","freq bands 4-8,8-13,13-30, nu=0.8714, n_components=3"
Bandpower + PCA + SVM,89.3569643961843%, 18/19,RH,"[1, 1, 2, 12, 23, 30, 52, 44]","freq bands 4-8,8-13,13-30, nu=0.8714, n_components=3"
Bandpower + PCA + SVM,79.96509228783368%, 16/19,RH,"[1, 1, 2, 12, 23, 30, 52, 45]","freq bands 4-8,8-13,13-30, nu=0.8714, n_components=3"
Bandpower + PCA + SVM,90.68633985118652%, 18/19,RH,"[1, 1, 2, 12, 23, 30, 52, 46]","freq bands 4-8,8-13,13-30, nu=0.8714, n_components=3"
Bandpower + PCA + SVM,80.15330227640665%, 16/19,RH,"[1, 1, 2, 12, 23, 30, 52, 47]","freq bands 4-8,8-13,13-30, nu=0.8714, n_components=3"
Bandpower + PCA + SVM,90.58887396424694%, 18/19,RH,"[1, 1, 2, 12, 23, 30, 52, 48]","freq bands 4-8,8-13,13-30, nu=0.8714, n_components=3"
Bandpower + PCA + SVM,90.77708395281991%, 18/19,RH,"[1, 1, 2, 12, 23, 30, 52, 49]","freq bands 4-8,8-13,13-30, nu=0.8714, n_components=3"
Bandpower + PCA + SVM,90.78380573812609%, 18/19,RH,"[1, 1, 2, 12, 23, 30, 52, 50]","freq bands 4-8,8-13,13-30, nu=0.8714, n_components=3"
Bandpower + PCA + SVM,85.3257160695101%, 17/19,RH,"[1, 1, 2, 12, 23, 30, 52, 51]","freq bands 4-8,8-13,13-30, nu=0.8714, n_components=3"
Bandpower + PCA + SVM,85.82284336075593%, 16/19,RH,"[1, 1, 2, 12, 23, 30, 52, 52]","freq bands 4-8,8-13,13-30, nu=0.8714, n_components=3"
Bandpower + PCA + SVM,80.3482340502858%, 16/19,RH,"[1, 1, 2, 12, 23, 30, 52, 53]","freq bands 4-8,8-13,13-30, nu=0.8714, n_components=3"
Bandpower + PCA + SVM,79.8197817777882%, 15/19,RH,"[1, 1, 2, 12, 23, 30, 52, 54]","freq bands 4-8,8-13,13-30, nu=0.8714, n_components=3"
Bandpower + PCA + SVM,79.71148730323114%, 16/19,RH,"[1, 1, 2, 12, 23, 30, 52, 55]","freq bands 4-8,8-13,13-30, nu=0.8714, n_components=3"
Bandpower + PCA + SVM,88.07310340270445%, 18/19,RH,"[1, 1, 2, 12, 23, 30, 52, 56]","freq bands 4-8,8-13,13-30, nu=0.8714, n_components=3"
Bandpower + PCA + SVM,80.06255817477324%, 16/19,RH,"[1, 1, 2, 12, 23, 30, 52, 57]","freq bands 4-8,8-13,13-30, nu=0.8714, n_components=3"
Bandpower + PCA + SVM,79.43560928426659%, 16/19,RH,"[1, 1, 2, 12, 23, 30, 52, 58]","freq bands 4-8,8-13,13-30, nu=0.8714, n_components=3"
Bandpower + PCA + SVM,84.26857291940809%, 17/19,RH,"[1, 1, 2, 12, 23, 30, 52, 59]","freq bands 4-8,8-13,13-30, nu=0.8714, n_components=3"
Bandpower + PCA + SVM,90.58215217894077%, 18/19,RH,"[1, 1, 2, 12, 23, 30, 52, 60]","freq bands 4-8,8-13,13-30, nu=0.8714, n_components=3"
