PCA + SVM,55.86259418032489%, 11/19,L,[0],"nu=0.7005, n_components=3"
PCA + SVM,41.00105061019882%, 8/19,L,[1],"nu=0.7005, n_components=3"
PCA + SVM,49.41772176705226%, 10/19,L,[2],"nu=0.7005, n_components=3"
PCA + SVM,66.64747048129983%, 12/19,L,[3],"nu=0.7005, n_components=3"
PCA + SVM,55.27611077615779%, 13/19,L,[4],"nu=0.7005, n_components=3"
PCA + SVM,59.073326348592744%, 11/19,L,[5],"nu=0.7005, n_components=3"
PCA + SVM,59.47319487747515%, 10/19,L,[6],"nu=0.7005, n_components=3"
PCA + SVM,54.17887771144137%, 11/19,L,[7],"nu=0.7005, n_components=3"
PCA + SVM,52.32012392620897%, 10/19,L,[8],"nu=0.7005, n_components=3"
PCA + SVM,51.71150485988832%, 11/19,L,[9],"nu=0.7005, n_components=3"
PCA + SVM,48.113224905528455%, 8/19,L,[10],"nu=0.7005, n_components=3"
PCA + SVM,51.852378133730745%, 10/19,L,[11],"nu=0.7005, n_components=3"
PCA + SVM,54.47327463945506%, 11/19,L,[12],"nu=0.7005, n_components=3"
PCA + SVM,57.683753684348304%, 12/19,L,[13],"nu=0.7005, n_components=3"
PCA + SVM,51.11441566979691%, 9/19,L,[14],"nu=0.7005, n_components=3"
PCA + SVM,60.41804662663202%, 12/19,L,[15],"nu=0.7005, n_components=3"
PCA + SVM,45.97364840328888%, 9/19,L,[16],"nu=0.7005, n_components=3"
PCA + SVM,52.73568240575561%, 10/19,L,[17],"nu=0.7005, n_components=3"
PCA + SVM,61.85422980992327%, 12/19,L,[18],"nu=0.7005, n_components=3"
PCA + SVM,55.206603251098066%, 10/19,L,[19],"nu=0.7005, n_components=3"
PCA + SVM,49.10251055149786%, 9/19,L,[20],"nu=0.7005, n_components=3"
PCA + SVM,68.41755637268324%, 14/19,L,[21],"nu=0.7005, n_components=3"
PCA + SVM,50.98943239442584%, 9/19,L,[22],"nu=0.7005, n_components=3"
PCA + SVM,57.87581739547883%, 12/19,L,[23],"nu=0.7005, n_components=3"
PCA + SVM,59.40525091392116%, 11/19,L,[24],"nu=0.7005, n_components=3"
PCA + SVM,56.737877201883876%, 12/19,L,[25],"nu=0.7005, n_components=3"
PCA + SVM,58.20471608531563%, 9/19,L,[26],"nu=0.7005, n_components=3"
PCA + SVM,54.49697712921634%, 11/19,L,[27],"nu=0.7005, n_components=3"
PCA + SVM,49.12310068113528%, 9/19,L,[28],"nu=0.7005, n_components=3"
PCA + SVM,59.20388967377216%, 11/19,L,[29],"nu=0.7005, n_components=3"
PCA + SVM,52.365079353133815%, 10/19,L,[30],"nu=0.7005, n_components=3"
PCA + SVM,65.88864229387535%, 13/19,L,[31],"nu=0.7005, n_components=3"
PCA + SVM,50.76301366958948%, 9/19,L,[32],"nu=0.7005, n_components=3"
PCA + SVM,64.77095363667074%, 13/19,L,[33],"nu=0.7005, n_components=3"
PCA + SVM,49.211307840946375%, 10/19,L,[34],"nu=0.7005, n_components=3"
PCA + SVM,66.31504987196406%, 14/19,L,[35],"nu=0.7005, n_components=3"
PCA + SVM,56.269968368242615%, 10/19,L,[36],"nu=0.7005, n_components=3"
PCA + SVM,53.22737802074339%, 10/19,L,[37],"nu=0.7005, n_components=3"
PCA + SVM,52.236719137111265%, 9/19,L,[38],"nu=0.7005, n_components=3"
PCA + SVM,65.74476530644476%, 13/19,L,[39],"nu=0.7005, n_components=3"
PCA + SVM,53.66821034687519%, 10/19,L,[40],"nu=0.7005, n_components=3"
PCA + SVM,67.48015111649855%, 14/19,L,[41],"nu=0.7005, n_components=3"
PCA + SVM,57.388334391734844%, 12/19,L,[42],"nu=0.7005, n_components=3"
PCA + SVM,52.83680365501849%, 9/19,L,[43],"nu=0.7005, n_components=3"
PCA + SVM,63.071558178824105%, 13/19,L,[44],"nu=0.7005, n_components=3"
PCA + SVM,53.95515606830856%, 11/19,L,[45],"nu=0.7005, n_components=3"
PCA + SVM,49.49118596611806%, 8/19,L,[46],"nu=0.7005, n_components=3"
PCA + SVM,55.19155398283867%, 10/19,L,[47],"nu=0.7005, n_components=3"
PCA + SVM,48.3615284424401%, 8/19,L,[48],"nu=0.7005, n_components=3"
PCA + SVM,64.85031867421685%, 13/19,L,[49],"nu=0.7005, n_components=3"
PCA + SVM,49.49154821021432%, 8/19,L,[50],"nu=0.7005, n_components=3"
PCA + SVM,54.302958580685925%, 10/19,L,[51],"nu=0.7005, n_components=3"
PCA + SVM,50.408674211853146%, 9/19,L,[52],"nu=0.7005, n_components=3"
PCA + SVM,59.62110983625578%, 12/19,L,[53],"nu=0.7005, n_components=3"
PCA + SVM,50.62465044273572%, 10/19,L,[54],"nu=0.7005, n_components=3"
PCA + SVM,63.33881064553164%, 13/19,L,[55],"nu=0.7005, n_components=3"
PCA + SVM,62.24612289231426%, 12/19,L,[56],"nu=0.7005, n_components=3"
PCA + SVM,42.073321974474126%, 7/19,L,[57],"nu=0.7005, n_components=3"
PCA + SVM,54.179010728063446%, 9/19,L,[58],"nu=0.7005, n_components=3"
PCA + SVM,49.899565712890805%, 9/19,L,[59],"nu=0.7005, n_components=3"
PCA + SVM,57.420469199135105%, 10/19,L,[60],"nu=0.7005, n_components=3"
PCA + SVM,53.13010118006065%, 12/19,L,"[21, 0]","nu=0.7005, n_components=3"
PCA + SVM,62.90445662177402%, 13/19,L,"[21, 1]","nu=0.7005, n_components=3"
PCA + SVM,59.970200149912365%, 13/19,L,"[21, 2]","nu=0.7005, n_components=3"
PCA + SVM,65.4423382177317%, 13/19,L,"[21, 3]","nu=0.7005, n_components=3"
PCA + SVM,69.34432891154995%, 15/19,L,"[21, 4]","nu=0.7005, n_components=3"
PCA + SVM,68.22459563608477%, 15/19,L,"[21, 5]","nu=0.7005, n_components=3"
PCA + SVM,65.51981881567501%, 13/19,L,"[21, 6]","nu=0.7005, n_components=3"
PCA + SVM,65.94576876889167%, 15/19,L,"[21, 7]","nu=0.7005, n_components=3"
PCA + SVM,55.32367243585213%, 10/19,L,"[21, 8]","nu=0.7005, n_components=3"
PCA + SVM,61.16505849445984%, 12/19,L,"[21, 9]","nu=0.7005, n_components=3"
PCA + SVM,61.912566944380664%, 12/19,L,"[21, 10]","nu=0.7005, n_components=3"
PCA + SVM,63.1352187998076%, 14/19,L,"[21, 11]","nu=0.7005, n_components=3"
PCA + SVM,62.523417016178705%, 12/19,L,"[21, 12]","nu=0.7005, n_components=3"
PCA + SVM,63.55208112722281%, 14/19,L,"[21, 13]","nu=0.7005, n_components=3"
PCA + SVM,63.36270122377814%, 13/19,L,"[21, 14]","nu=0.7005, n_components=3"
PCA + SVM,62.12301417380899%, 12/19,L,"[21, 15]","nu=0.7005, n_components=3"
PCA + SVM,57.72972425625663%, 12/19,L,"[21, 16]","nu=0.7005, n_components=3"
PCA + SVM,58.4697469977913%, 10/19,L,"[21, 17]","nu=0.7005, n_components=3"
PCA + SVM,63.47289776263233%, 15/19,L,"[21, 18]","nu=0.7005, n_components=3"
PCA + SVM,60.027343056362916%, 13/19,L,"[21, 19]","nu=0.7005, n_components=3"
PCA + SVM,65.75618914384597%, 14/19,L,"[21, 20]","nu=0.7005, n_components=3"
PCA + SVM,68.41755637268324%, 14/19,L,"[21, 21]","nu=0.7005, n_components=3"
PCA + SVM,64.544494434918%, 12/19,L,"[21, 22]","nu=0.7005, n_components=3"
PCA + SVM,66.49489054401913%, 15/19,L,"[21, 23]","nu=0.7005, n_components=3"
PCA + SVM,65.72479937728653%, 12/19,L,"[21, 24]","nu=0.7005, n_components=3"
PCA + SVM,57.1493900270874%, 13/19,L,"[21, 25]","nu=0.7005, n_components=3"
PCA + SVM,65.55936344414658%, 13/19,L,"[21, 26]","nu=0.7005, n_components=3"
PCA + SVM,62.48589876763313%, 13/19,L,"[21, 27]","nu=0.7005, n_components=3"
PCA + SVM,62.14086931806895%, 13/19,L,"[21, 28]","nu=0.7005, n_components=3"
PCA + SVM,67.22396044612748%, 12/19,L,"[21, 29]","nu=0.7005, n_components=3"
PCA + SVM,57.25125353852146%, 12/19,L,"[21, 30]","nu=0.7005, n_components=3"
PCA + SVM,70.56931893062684%, 14/19,L,"[21, 31]","nu=0.7005, n_components=3"
PCA + SVM,58.12552158599462%, 11/19,L,"[21, 32]","nu=0.7005, n_components=3"
PCA + SVM,69.763690115528%, 14/19,L,"[21, 33]","nu=0.7005, n_components=3"
PCA + SVM,56.35081479311145%, 12/19,L,"[21, 34]","nu=0.7005, n_components=3"
PCA + SVM,63.163952686356815%, 13/19,L,"[21, 35]","nu=0.7005, n_components=3"
PCA + SVM,63.93344773474724%, 13/19,L,"[21, 36]","nu=0.7005, n_components=3"
PCA + SVM,60.757311743578256%, 12/19,L,"[21, 37]","nu=0.7005, n_components=3"
PCA + SVM,60.788569904003666%, 12/19,L,"[21, 38]","nu=0.7005, n_components=3"
PCA + SVM,67.3980394487708%, 14/19,L,"[21, 39]","nu=0.7005, n_components=3"
PCA + SVM,61.82272652689523%, 13/19,L,"[21, 40]","nu=0.7005, n_components=3"
PCA + SVM,74.30275425370613%, 16/19,L,"[21, 41]","nu=0.7005, n_components=3"
PCA + SVM,59.60634715959967%, 11/19,L,"[21, 42]","nu=0.7005, n_components=3"
PCA + SVM,65.1592752185649%, 15/19,L,"[21, 43]","nu=0.7005, n_components=3"
PCA + SVM,67.8995644479788%, 14/19,L,"[21, 44]","nu=0.7005, n_components=3"
PCA + SVM,58.667417942930456%, 11/19,L,"[21, 45]","nu=0.7005, n_components=3"
PCA + SVM,58.522070952421856%, 11/19,L,"[21, 46]","nu=0.7005, n_components=3"
PCA + SVM,66.80493296873163%, 12/19,L,"[21, 47]","nu=0.7005, n_components=3"
PCA + SVM,57.17699787555362%, 10/19,L,"[21, 48]","nu=0.7005, n_components=3"
PCA + SVM,70.42889617946973%, 14/19,L,"[21, 49]","nu=0.7005, n_components=3"
PCA + SVM,59.44108676031982%, 10/19,L,"[21, 50]","nu=0.7005, n_components=3"
PCA + SVM,69.48581100805733%, 12/19,L,"[21, 51]","nu=0.7005, n_components=3"
PCA + SVM,58.90103971508026%, 12/19,L,"[21, 52]","nu=0.7005, n_components=3"
PCA + SVM,62.681185429938324%, 12/19,L,"[21, 53]","nu=0.7005, n_components=3"
PCA + SVM,59.35588743708566%, 12/19,L,"[21, 54]","nu=0.7005, n_components=3"
PCA + SVM,67.98899323115407%, 13/19,L,"[21, 55]","nu=0.7005, n_components=3"
PCA + SVM,65.59845047603726%, 13/19,L,"[21, 56]","nu=0.7005, n_components=3"
PCA + SVM,54.93088727970034%, 10/19,L,"[21, 57]","nu=0.7005, n_components=3"
PCA + SVM,59.63585817871725%, 11/19,L,"[21, 58]","nu=0.7005, n_components=3"
PCA + SVM,58.06888077199145%, 12/19,L,"[21, 59]","nu=0.7005, n_components=3"
PCA + SVM,68.12499129173366%, 15/19,L,"[21, 60]","nu=0.7005, n_components=3"
PCA + SVM,62.292800198150765%, 13/19,L,"[21, 41, 0]","nu=0.7005, n_components=3"
PCA + SVM,69.87017681314055%, 15/19,L,"[21, 41, 1]","nu=0.7005, n_components=3"
PCA + SVM,63.923306898922746%, 13/19,L,"[21, 41, 2]","nu=0.7005, n_components=3"
PCA + SVM,72.90639413368037%, 17/19,L,"[21, 41, 3]","nu=0.7005, n_components=3"
PCA + SVM,67.33179584229087%, 15/19,L,"[21, 41, 4]","nu=0.7005, n_components=3"
PCA + SVM,72.03776698426151%, 16/19,L,"[21, 41, 5]","nu=0.7005, n_components=3"
PCA + SVM,71.81631462583992%, 16/19,L,"[21, 41, 6]","nu=0.7005, n_components=3"
PCA + SVM,70.10765977639055%, 14/19,L,"[21, 41, 7]","nu=0.7005, n_components=3"
PCA + SVM,69.73053769183795%, 16/19,L,"[21, 41, 8]","nu=0.7005, n_components=3"
PCA + SVM,64.89921646987655%, 12/19,L,"[21, 41, 9]","nu=0.7005, n_components=3"
PCA + SVM,64.78731522259585%, 12/19,L,"[21, 41, 10]","nu=0.7005, n_components=3"
PCA + SVM,66.44735936615196%, 13/19,L,"[21, 41, 11]","nu=0.7005, n_components=3"
PCA + SVM,66.64493212553843%, 14/19,L,"[21, 41, 12]","nu=0.7005, n_components=3"
PCA + SVM,67.50594730684327%, 15/19,L,"[21, 41, 13]","nu=0.7005, n_components=3"
PCA + SVM,66.65875357962861%, 14/19,L,"[21, 41, 14]","nu=0.7005, n_components=3"
PCA + SVM,71.0879538232069%, 16/19,L,"[21, 41, 15]","nu=0.7005, n_components=3"
PCA + SVM,63.088989618935464%, 13/19,L,"[21, 41, 16]","nu=0.7005, n_components=3"
PCA + SVM,71.2693314085189%, 16/19,L,"[21, 41, 17]","nu=0.7005, n_components=3"
PCA + SVM,68.50361595605943%, 15/19,L,"[21, 41, 18]","nu=0.7005, n_components=3"
PCA + SVM,74.31510682644102%, 17/19,L,"[21, 41, 19]","nu=0.7005, n_components=3"
PCA + SVM,69.7069154869355%, 14/19,L,"[21, 41, 20]","nu=0.7005, n_components=3"
PCA + SVM,73.29099242097244%, 17/19,L,"[21, 41, 21]","nu=0.7005, n_components=3"
PCA + SVM,68.96832147194878%, 14/19,L,"[21, 41, 22]","nu=0.7005, n_components=3"
PCA + SVM,71.31595438421905%, 16/19,L,"[21, 41, 23]","nu=0.7005, n_components=3"
PCA + SVM,67.47197681281958%, 14/19,L,"[21, 41, 24]","nu=0.7005, n_components=3"
PCA + SVM,64.66089721776316%, 15/19,L,"[21, 41, 25]","nu=0.7005, n_components=3"
PCA + SVM,66.14790757731735%, 14/19,L,"[21, 41, 26]","nu=0.7005, n_components=3"
PCA + SVM,66.45991847279856%, 14/19,L,"[21, 41, 27]","nu=0.7005, n_components=3"
PCA + SVM,66.18559010514102%, 14/19,L,"[21, 41, 28]","nu=0.7005, n_components=3"
PCA + SVM,71.79799780073267%, 15/19,L,"[21, 41, 29]","nu=0.7005, n_components=3"
PCA + SVM,67.3517177432509%, 14/19,L,"[21, 41, 30]","nu=0.7005, n_components=3"
PCA + SVM,73.22301775547643%, 15/19,L,"[21, 41, 31]","nu=0.7005, n_components=3"
PCA + SVM,62.496511778638194%, 13/19,L,"[21, 41, 32]","nu=0.7005, n_components=3"
PCA + SVM,74.73986558981129%, 16/19,L,"[21, 41, 33]","nu=0.7005, n_components=3"
PCA + SVM,61.811475098537606%, 12/19,L,"[21, 41, 34]","nu=0.7005, n_components=3"
PCA + SVM,66.11892918513709%, 14/19,L,"[21, 41, 35]","nu=0.7005, n_components=3"
PCA + SVM,65.85818526693167%, 13/19,L,"[21, 41, 36]","nu=0.7005, n_components=3"
PCA + SVM,65.67306857350317%, 12/19,L,"[21, 41, 37]","nu=0.7005, n_components=3"
PCA + SVM,65.46049385663393%, 13/19,L,"[21, 41, 38]","nu=0.7005, n_components=3"
PCA + SVM,73.2495197505571%, 15/19,L,"[21, 41, 39]","nu=0.7005, n_components=3"
PCA + SVM,66.26305944997475%, 14/19,L,"[21, 41, 40]","nu=0.7005, n_components=3"
PCA + SVM,74.19063008192246%, 16/19,L,"[21, 41, 41]","nu=0.7005, n_components=3"
PCA + SVM,66.65475809824977%, 14/19,L,"[21, 41, 42]","nu=0.7005, n_components=3"
PCA + SVM,65.6562182675648%, 14/19,L,"[21, 41, 43]","nu=0.7005, n_components=3"
PCA + SVM,66.29532628833687%, 13/19,L,"[21, 41, 44]","nu=0.7005, n_components=3"
PCA + SVM,68.05386667333406%, 14/19,L,"[21, 41, 45]","nu=0.7005, n_components=3"
PCA + SVM,63.0598242796113%, 13/19,L,"[21, 41, 46]","nu=0.7005, n_components=3"
PCA + SVM,69.58102278867162%, 14/19,L,"[21, 41, 47]","nu=0.7005, n_components=3"
PCA + SVM,62.83195664076941%, 13/19,L,"[21, 41, 48]","nu=0.7005, n_components=3"
PCA + SVM,70.54911135255124%, 15/19,L,"[21, 41, 49]","nu=0.7005, n_components=3"
PCA + SVM,64.78478456939732%, 13/19,L,"[21, 41, 50]","nu=0.7005, n_components=3"
PCA + SVM,71.15169121845462%, 15/19,L,"[21, 41, 51]","nu=0.7005, n_components=3"
PCA + SVM,59.25691335422144%, 11/19,L,"[21, 41, 52]","nu=0.7005, n_components=3"
PCA + SVM,63.625592746619596%, 11/19,L,"[21, 41, 53]","nu=0.7005, n_components=3"
PCA + SVM,62.808766537185036%, 13/19,L,"[21, 41, 54]","nu=0.7005, n_components=3"
PCA + SVM,69.43304067602476%, 14/19,L,"[21, 41, 55]","nu=0.7005, n_components=3"
PCA + SVM,65.32578220994097%, 13/19,L,"[21, 41, 56]","nu=0.7005, n_components=3"
PCA + SVM,59.38849290864018%, 11/19,L,"[21, 41, 57]","nu=0.7005, n_components=3"
PCA + SVM,61.31073709064305%, 12/19,L,"[21, 41, 58]","nu=0.7005, n_components=3"
PCA + SVM,63.96543941560681%, 13/19,L,"[21, 41, 59]","nu=0.7005, n_components=3"
PCA + SVM,74.50699203175466%, 15/19,L,"[21, 41, 60]","nu=0.7005, n_components=3"
PCA + SVM,54.765437474749%, 10/19,L,60,"nu=0.1, n_components=3"
PCA + SVM,49.17677767086266%, 9/19,L,60,"nu=0.11, n_components=3"
PCA + SVM,37.93863244088045%, 7/19,L,60,"nu=0.12, n_components=3"
PCA + SVM,37.81082891813366%, 8/19,L,60,"nu=0.13, n_components=3"
PCA + SVM,59.5271036439635%, 13/19,L,60,"nu=0.13999999999999999, n_components=3"
PCA + SVM,39.7424973744387%, 5/19,L,60,"nu=0.14999999999999997, n_components=3"
PCA + SVM,51.28898843479773%, 10/19,L,60,"nu=0.15999999999999998, n_components=3"
PCA + SVM,47.7103301580275%, 8/19,L,60,"nu=0.16999999999999998, n_components=3"
PCA + SVM,35.54870860337647%, 6/19,L,60,"nu=0.17999999999999997, n_components=3"
PCA + SVM,54.89112459071126%, 10/19,L,60,"nu=0.18999999999999995, n_components=3"
PCA + SVM,54.706160524652084%, 10/19,L,60,"nu=0.19999999999999996, n_components=3"
PCA + SVM,45.85151931740561%, 8/19,L,60,"nu=0.20999999999999996, n_components=3"
PCA + SVM,60.8225688505911%, 12/19,L,60,"nu=0.21999999999999995, n_components=3"
PCA + SVM,61.12033112240547%, 12/19,L,60,"nu=0.22999999999999995, n_components=3"
PCA + SVM,62.33964312490774%, 12/19,L,60,"nu=0.23999999999999994, n_components=3"
PCA + SVM,58.697747904363105%, 10/19,L,60,"nu=0.24999999999999992, n_components=3"
PCA + SVM,54.15498162664657%, 11/19,L,60,"nu=0.2599999999999999, n_components=3"
PCA + SVM,61.3263171554067%, 12/19,L,60,"nu=0.2699999999999999, n_components=3"
PCA + SVM,59.65982701687954%, 12/19,L,60,"nu=0.2799999999999999, n_components=3"
PCA + SVM,44.77618271257208%, 9/19,L,60,"nu=0.2899999999999999, n_components=3"
PCA + SVM,47.55019403599006%, 9/19,L,60,"nu=0.29999999999999993, n_components=3"
PCA + SVM,47.89015751708538%, 9/19,L,60,"nu=0.30999999999999994, n_components=3"
PCA + SVM,45.14660566432087%, 10/19,L,60,"nu=0.3199999999999999, n_components=3"
PCA + SVM,55.71762248100376%, 10/19,L,60,"nu=0.32999999999999985, n_components=3"
PCA + SVM,61.95276051636267%, 11/19,L,60,"nu=0.33999999999999986, n_components=3"
PCA + SVM,54.98436933452773%, 10/19,L,60,"nu=0.34999999999999987, n_components=3"
PCA + SVM,65.62202068996918%, 14/19,L,60,"nu=0.3599999999999999, n_components=3"
PCA + SVM,50.48566630140737%, 10/19,L,60,"nu=0.3699999999999999, n_components=3"
PCA + SVM,49.990961871739955%, 9/19,L,60,"nu=0.3799999999999999, n_components=3"
PCA + SVM,50.20438470988417%, 10/19,L,60,"nu=0.3899999999999999, n_components=3"
PCA + SVM,52.393527546103925%, 11/19,L,60,"nu=0.3999999999999998, n_components=3"
PCA + SVM,48.73466348261715%, 10/19,L,60,"nu=0.4099999999999998, n_components=3"
PCA + SVM,53.31215936587304%, 10/19,L,60,"nu=0.4199999999999998, n_components=3"
PCA + SVM,54.14781259639299%, 9/19,L,60,"nu=0.4299999999999998, n_components=3"
PCA + SVM,47.174165367669076%, 10/19,L,60,"nu=0.43999999999999984, n_components=3"
PCA + SVM,59.92216631936408%, 12/19,L,60,"nu=0.44999999999999984, n_components=3"
PCA + SVM,44.274054154714506%, 9/19,L,60,"nu=0.45999999999999985, n_components=3"
PCA + SVM,45.33141580328195%, 9/19,L,60,"nu=0.46999999999999986, n_components=3"
PCA + SVM,51.870846237921185%, 11/19,L,60,"nu=0.47999999999999976, n_components=3"
PCA + SVM,50.42440264589012%, 9/19,L,60,"nu=0.48999999999999977, n_components=3"
PCA + SVM,27.244361218030193%, 3/19,L,60,"nu=0.4999999999999998, n_components=3"
PCA + SVM,32.73959694752529%, 7/19,L,60,"nu=0.5099999999999998, n_components=3"
PCA + SVM,56.23257920100326%, 11/19,L,60,"nu=0.5199999999999998, n_components=3"
PCA + SVM,49.362605206082726%, 11/19,L,60,"nu=0.5299999999999998, n_components=3"
PCA + SVM,46.38625466078343%, 9/19,L,60,"nu=0.5399999999999998, n_components=3"
PCA + SVM,38.71726056358509%, 8/19,L,60,"nu=0.5499999999999998, n_components=3"
PCA + SVM,38.70148879345796%, 7/19,L,60,"nu=0.5599999999999997, n_components=3"
PCA + SVM,39.568385034679146%, 8/19,L,60,"nu=0.5699999999999997, n_components=3"
PCA + SVM,48.83504470870067%, 9/19,L,60,"nu=0.5799999999999997, n_components=3"
PCA + SVM,50.725162138432225%, 10/19,L,60,"nu=0.5899999999999997, n_components=3"
PCA + SVM,52.418132182811085%, 10/19,L,60,"nu=0.5999999999999998, n_components=3"
PCA + SVM,57.30498529752338%, 12/19,L,60,"nu=0.6099999999999998, n_components=3"
PCA + SVM,62.17286909733622%, 13/19,L,60,"nu=0.6199999999999998, n_components=3"
PCA + SVM,52.515355156339794%, 11/19,L,60,"nu=0.6299999999999997, n_components=3"
PCA + SVM,55.83623308566135%, 11/19,L,60,"nu=0.6399999999999997, n_components=3"
PCA + SVM,58.08016222705231%, 9/19,L,60,"nu=0.6499999999999997, n_components=3"
PCA + SVM,52.19707921473968%, 8/19,L,60,"nu=0.6599999999999997, n_components=3"
PCA + SVM,64.63061626546414%, 12/19,L,60,"nu=0.6699999999999997, n_components=3"
PCA + SVM,61.6997353358919%, 12/19,L,60,"nu=0.6799999999999997, n_components=3"
PCA + SVM,64.8857516773535%, 13/19,L,60,"nu=0.6899999999999997, n_components=3"
PCA + SVM,70.11290050223788%, 15/19,L,60,"nu=0.6999999999999996, n_components=3"
PCA + SVM,57.91693675213557%, 13/19,L,60,"nu=0.7099999999999996, n_components=3"
PCA + SVM,55.9968549827971%, 11/19,L,60,"nu=0.7199999999999996, n_components=3"
PCA + SVM,47.1386678202325%, 10/19,L,60,"nu=0.7299999999999996, n_components=3"
PCA + SVM,46.17880412334257%, 8/19,L,60,"nu=0.7399999999999997, n_components=3"
PCA + SVM,46.80253230594234%, 9/19,L,60,"nu=0.7499999999999997, n_components=3"
PCA + SVM,47.04523146254312%, 8/19,L,60,"nu=0.7599999999999997, n_components=3"
PCA + SVM,47.603733374657374%, 10/19,L,60,"nu=0.7699999999999997, n_components=3"
PCA + SVM,46.454950915496134%, 9/19,L,60,"nu=0.7799999999999997, n_components=3"
PCA + SVM,41.40530518703295%, 6/19,L,60,"nu=0.7899999999999996, n_components=3"
PCA + SVM,64.8857516773535%, 13/19,L,60,"nu=0.69, n_components=3"
PCA + SVM,62.64328036171782%, 13/19,L,60,"nu=0.691, n_components=3"
PCA + SVM,62.02374674476325%, 12/19,L,60,"nu=0.692, n_components=3"
PCA + SVM,63.33178123802073%, 13/19,L,60,"nu=0.693, n_components=3"
PCA + SVM,61.280034883378335%, 12/19,L,60,"nu=0.694, n_components=3"
PCA + SVM,62.66591705005964%, 12/19,L,60,"nu=0.695, n_components=3"
PCA + SVM,63.51597281280117%, 12/19,L,60,"nu=0.696, n_components=3"
PCA + SVM,61.76607117179247%, 11/19,L,60,"nu=0.697, n_components=3"
PCA + SVM,65.69132219618926%, 12/19,L,60,"nu=0.698, n_components=3"
PCA + SVM,71.29909261841013%, 15/19,L,60,"nu=0.699, n_components=3"
PCA + SVM,70.11290050223788%, 15/19,L,60,"nu=0.7, n_components=3"
PCA + SVM,70.98863501637112%, 15/19,L,60,"nu=0.701, n_components=3"
PCA + SVM,57.22403408233112%, 10/19,L,60,"nu=0.702, n_components=3"
PCA + SVM,54.724403921343324%, 10/19,L,60,"nu=0.703, n_components=3"
PCA + SVM,63.401495453763616%, 12/19,L,60,"nu=0.704, n_components=3"
PCA + SVM,60.50200278465352%, 12/19,L,60,"nu=0.705, n_components=3"
PCA + SVM,56.155883248525065%, 12/19,L,60,"nu=0.706, n_components=3"
PCA + SVM,58.311353832619304%, 11/19,L,60,"nu=0.707, n_components=3"
PCA + SVM,50.11663852301274%, 9/19,L,60,"nu=0.708, n_components=3"
PCA + SVM,57.21982993205391%, 12/19,L,60,"nu=0.709, n_components=3"
PCA + SVM,57.91693675213557%, 13/19,L,60,"nu=0.71, n_components=3"
PCA + SVM,64.8857516773535%, 13/19,L,60,"nu=0.69, n_components=3"
PCA + SVM,61.278673637426095%, 13/19,L,60,"nu=0.6900999999999999, n_components=3"
PCA + SVM,61.278673637426095%, 13/19,L,60,"nu=0.6901999999999999, n_components=3"
PCA + SVM,61.278673637426095%, 13/19,L,60,"nu=0.6902999999999999, n_components=3"
PCA + SVM,61.278673637426095%, 13/19,L,60,"nu=0.6903999999999999, n_components=3"
PCA + SVM,61.278673637426095%, 13/19,L,60,"nu=0.6904999999999999, n_components=3"
PCA + SVM,60.85762100584715%, 13/19,L,60,"nu=0.6905999999999999, n_components=3"
PCA + SVM,60.85762100584715%, 13/19,L,60,"nu=0.6906999999999999, n_components=3"
PCA + SVM,62.55253626008444%, 13/19,L,60,"nu=0.6907999999999999, n_components=3"
PCA + SVM,62.55253626008444%, 13/19,L,60,"nu=0.6908999999999998, n_components=3"
PCA + SVM,62.64328036171782%, 13/19,L,60,"nu=0.6909999999999998, n_components=3"
PCA + SVM,62.734024463351226%, 13/19,L,60,"nu=0.6910999999999998, n_components=3"
PCA + SVM,62.734024463351226%, 13/19,L,60,"nu=0.6911999999999998, n_components=3"
PCA + SVM,62.734024463351226%, 13/19,L,60,"nu=0.6912999999999998, n_components=3"
PCA + SVM,62.734024463351226%, 13/19,L,60,"nu=0.6913999999999998, n_components=3"
PCA + SVM,64.85775484192924%, 13/19,L,60,"nu=0.6914999999999998, n_components=3"
PCA + SVM,64.85775484192924%, 13/19,L,60,"nu=0.6915999999999998, n_components=3"
PCA + SVM,64.85775484192924%, 13/19,L,60,"nu=0.6916999999999998, n_components=3"
PCA + SVM,64.85775484192924%, 13/19,L,60,"nu=0.6917999999999997, n_components=3"
PCA + SVM,64.85775484192924%, 13/19,L,60,"nu=0.6918999999999997, n_components=3"
PCA + SVM,62.02374674476325%, 12/19,L,60,"nu=0.6919999999999997, n_components=3"
PCA + SVM,62.88499076390202%, 13/19,L,60,"nu=0.6920999999999997, n_components=3"
PCA + SVM,66.56579838640654%, 13/19,L,60,"nu=0.6921999999999997, n_components=3"
PCA + SVM,66.56579838640654%, 13/19,L,60,"nu=0.6922999999999997, n_components=3"
PCA + SVM,66.56084870813564%, 13/19,L,60,"nu=0.6923999999999997, n_components=3"
PCA + SVM,66.56084870813564%, 13/19,L,60,"nu=0.6924999999999997, n_components=3"
PCA + SVM,66.56084870813564%, 13/19,L,60,"nu=0.6925999999999997, n_components=3"
PCA + SVM,61.192427655504055%, 12/19,L,60,"nu=0.6926999999999996, n_components=3"
PCA + SVM,61.192427655504055%, 12/19,L,60,"nu=0.6927999999999996, n_components=3"
PCA + SVM,63.33178123802073%, 13/19,L,60,"nu=0.6928999999999996, n_components=3"
PCA + SVM,63.33178123802073%, 13/19,L,60,"nu=0.6929999999999996, n_components=3"
PCA + SVM,63.33178123802073%, 13/19,L,60,"nu=0.6930999999999996, n_components=3"
PCA + SVM,63.420987304033225%, 13/19,L,60,"nu=0.6931999999999996, n_components=3"
PCA + SVM,63.51173140566663%, 13/19,L,60,"nu=0.6932999999999996, n_components=3"
PCA + SVM,62.68613801041379%, 13/19,L,60,"nu=0.6933999999999996, n_components=3"
PCA + SVM,59.17064429528305%, 12/19,L,60,"nu=0.6934999999999996, n_components=3"
PCA + SVM,61.01241668534087%, 12/19,L,60,"nu=0.6935999999999996, n_components=3"
PCA + SVM,61.10162275135335%, 12/19,L,60,"nu=0.6936999999999995, n_components=3"
PCA + SVM,61.280034883378335%, 12/19,L,60,"nu=0.6937999999999995, n_components=3"
PCA + SVM,61.280034883378335%, 12/19,L,60,"nu=0.6938999999999995, n_components=3"
PCA + SVM,61.280034883378335%, 12/19,L,60,"nu=0.6939999999999995, n_components=3"
PCA + SVM,64.82254500483582%, 13/19,L,60,"nu=0.6940999999999995, n_components=3"
PCA + SVM,65.68378902397455%, 13/19,L,60,"nu=0.6941999999999995, n_components=3"
PCA + SVM,66.6819741419419%, 13/19,L,60,"nu=0.6942999999999995, n_components=3"
PCA + SVM,66.6819741419419%, 13/19,L,60,"nu=0.6943999999999995, n_components=3"
PCA + SVM,66.6819741419419%, 13/19,L,60,"nu=0.6944999999999995, n_components=3"
PCA + SVM,66.6819741419419%, 13/19,L,60,"nu=0.6945999999999994, n_components=3"
PCA + SVM,66.6819741419419%, 13/19,L,60,"nu=0.6946999999999994, n_components=3"
PCA + SVM,62.57671098404715%, 12/19,L,60,"nu=0.6947999999999994, n_components=3"
PCA + SVM,62.66591705005964%, 12/19,L,60,"nu=0.6948999999999994, n_components=3"
PCA + SVM,62.66591705005964%, 12/19,L,60,"nu=0.6949999999999994, n_components=3"
PCA + SVM,60.257353267722436%, 11/19,L,60,"nu=0.6950999999999994, n_components=3"
PCA + SVM,60.257353267722436%, 11/19,L,60,"nu=0.6951999999999994, n_components=3"
PCA + SVM,60.257353267722436%, 11/19,L,60,"nu=0.6952999999999994, n_components=3"
PCA + SVM,60.257353267722436%, 11/19,L,60,"nu=0.6953999999999994, n_components=3"
PCA + SVM,60.463751616535646%, 11/19,L,60,"nu=0.6954999999999993, n_components=3"
PCA + SVM,64.06998943329978%, 12/19,L,60,"nu=0.6955999999999993, n_components=3"
PCA + SVM,63.6083089162176%, 12/19,L,60,"nu=0.6956999999999993, n_components=3"
PCA + SVM,63.6083089162176%, 12/19,L,60,"nu=0.6957999999999993, n_components=3"
PCA + SVM,63.51597281280117%, 12/19,L,60,"nu=0.6958999999999993, n_components=3"
PCA + SVM,63.51597281280117%, 12/19,L,60,"nu=0.6959999999999993, n_components=3"
PCA + SVM,63.51597281280117%, 12/19,L,60,"nu=0.6960999999999993, n_components=3"
PCA + SVM,63.51597281280117%, 12/19,L,60,"nu=0.6961999999999993, n_components=3"
PCA + SVM,62.96389331335326%, 11/19,L,60,"nu=0.6962999999999993, n_components=3"
PCA + SVM,58.60817643495035%, 10/19,L,60,"nu=0.6963999999999992, n_components=3"
PCA + SVM,58.60817643495035%, 10/19,L,60,"nu=0.6964999999999992, n_components=3"
PCA + SVM,58.60817643495035%, 10/19,L,60,"nu=0.6965999999999992, n_components=3"
PCA + SVM,58.60817643495035%, 10/19,L,60,"nu=0.6966999999999992, n_components=3"
PCA + SVM,58.60817643495035%, 10/19,L,60,"nu=0.6967999999999992, n_components=3"
PCA + SVM,61.76607117179247%, 11/19,L,60,"nu=0.6968999999999992, n_components=3"
PCA + SVM,61.76607117179247%, 11/19,L,60,"nu=0.6969999999999992, n_components=3"
PCA + SVM,61.76607117179247%, 11/19,L,60,"nu=0.6970999999999992, n_components=3"
PCA + SVM,65.06669561425454%, 12/19,L,60,"nu=0.6971999999999992, n_components=3"
PCA + SVM,65.06669561425454%, 12/19,L,60,"nu=0.6972999999999991, n_components=3"
PCA + SVM,65.15743971588795%, 12/19,L,60,"nu=0.6973999999999991, n_components=3"
PCA + SVM,65.15743971588795%, 12/19,L,60,"nu=0.6974999999999991, n_components=3"
PCA + SVM,64.95104136707474%, 12/19,L,60,"nu=0.6975999999999991, n_components=3"
PCA + SVM,64.95104136707474%, 12/19,L,60,"nu=0.6976999999999991, n_components=3"
PCA + SVM,65.78206629782265%, 13/19,L,60,"nu=0.6977999999999991, n_components=3"
PCA + SVM,65.78206629782265%, 13/19,L,60,"nu=0.6978999999999991, n_components=3"
PCA + SVM,65.69132219618926%, 12/19,L,60,"nu=0.6979999999999991, n_components=3"
PCA + SVM,65.69132219618926%, 12/19,L,60,"nu=0.698099999999999, n_components=3"
PCA + SVM,65.69132219618926%, 12/19,L,60,"nu=0.698199999999999, n_components=3"
PCA + SVM,65.69132219618926%, 12/19,L,60,"nu=0.698299999999999, n_components=3"
PCA + SVM,67.58909547554148%, 13/19,L,60,"nu=0.698399999999999, n_components=3"
PCA + SVM,67.20632035592426%, 13/19,L,60,"nu=0.698499999999999, n_components=3"
PCA + SVM,71.38054903106038%, 15/19,L,60,"nu=0.698599999999999, n_components=3"
PCA + SVM,66.88760936482161%, 14/19,L,60,"nu=0.698699999999999, n_components=3"
PCA + SVM,66.88760936482161%, 14/19,L,60,"nu=0.698799999999999, n_components=3"
PCA + SVM,66.98330314472591%, 14/19,L,60,"nu=0.698899999999999, n_components=3"
PCA + SVM,71.29909261841013%, 15/19,L,60,"nu=0.698999999999999, n_components=3"
PCA + SVM,71.29909261841013%, 15/19,L,60,"nu=0.6990999999999989, n_components=3"
PCA + SVM,71.29909261841013%, 15/19,L,60,"nu=0.6991999999999989, n_components=3"
PCA + SVM,70.49623802429772%, 15/19,L,60,"nu=0.6992999999999989, n_components=3"
PCA + SVM,70.49623802429772%, 15/19,L,60,"nu=0.6993999999999989, n_components=3"
PCA + SVM,70.49623802429772%, 15/19,L,60,"nu=0.6994999999999989, n_components=3"
PCA + SVM,70.49623802429772%, 15/19,L,60,"nu=0.6995999999999989, n_components=3"
PCA + SVM,72.1474248148034%, 16/19,L,60,"nu=0.6996999999999989, n_components=3"
PCA + SVM,72.2366308808159%, 16/19,L,60,"nu=0.6997999999999989, n_components=3"
PCA + SVM,70.11290050223788%, 15/19,L,60,"nu=0.6998999999999989, n_components=3"
PCA + SVM,70.11290050223788%, 15/19,L,60,"nu=0.6999999999999988, n_components=3"
PCA + SVM,70.11290050223788%, 15/19,L,60,"nu=0.7000999999999988, n_components=3"
PCA + SVM,70.11290050223788%, 15/19,L,60,"nu=0.7001999999999988, n_components=3"
PCA + SVM,70.11290050223788%, 15/19,L,60,"nu=0.7002999999999988, n_components=3"
PCA + SVM,70.11290050223788%, 15/19,L,60,"nu=0.7003999999999988, n_components=3"
PCA + SVM,68.41755637268324%, 14/19,L,60,"nu=0.7004999999999988, n_components=3"
PCA + SVM,68.80033149230044%, 14/19,L,60,"nu=0.7005999999999988, n_components=3"
PCA + SVM,66.53172895146561%, 14/19,L,60,"nu=0.7006999999999988, n_components=3"
PCA + SVM,70.89629891295469%, 15/19,L,60,"nu=0.7007999999999988, n_components=3"
PCA + SVM,70.98863501637112%, 15/19,L,60,"nu=0.7008999999999987, n_components=3"
PCA + SVM,70.98863501637112%, 15/19,L,60,"nu=0.7009999999999987, n_components=3"
PCA + SVM,60.25179291110796%, 12/19,L,60,"nu=0.7010999999999987, n_components=3"
PCA + SVM,60.25179291110796%, 12/19,L,60,"nu=0.7011999999999987, n_components=3"
PCA + SVM,60.35499208551457%, 12/19,L,60,"nu=0.7012999999999987, n_components=3"
PCA + SVM,57.946428303177356%, 11/19,L,60,"nu=0.7013999999999987, n_components=3"
PCA + SVM,57.946428303177356%, 11/19,L,60,"nu=0.7014999999999987, n_components=3"
PCA + SVM,57.946428303177356%, 11/19,L,60,"nu=0.7015999999999987, n_components=3"
PCA + SVM,57.946428303177356%, 11/19,L,60,"nu=0.7016999999999987, n_components=3"
PCA + SVM,57.22403408233112%, 10/19,L,60,"nu=0.7017999999999986, n_components=3"
PCA + SVM,57.22403408233112%, 10/19,L,60,"nu=0.7018999999999986, n_components=3"
PCA + SVM,57.22403408233112%, 10/19,L,60,"nu=0.7019999999999986, n_components=3"
PCA + SVM,57.778050702829745%, 10/19,L,60,"nu=0.7020999999999986, n_components=3"
PCA + SVM,57.98047985262731%, 10/19,L,60,"nu=0.7021999999999986, n_components=3"
PCA + SVM,57.98047985262731%, 10/19,L,60,"nu=0.7022999999999986, n_components=3"
PCA + SVM,57.98047985262731%, 10/19,L,60,"nu=0.7023999999999986, n_components=3"
PCA + SVM,52.88179564210098%, 9/19,L,60,"nu=0.7024999999999986, n_components=3"
PCA + SVM,52.88179564210098%, 9/19,L,60,"nu=0.7025999999999986, n_components=3"
PCA + SVM,52.690408082292386%, 10/19,L,60,"nu=0.7026999999999985, n_components=3"
PCA + SVM,54.59603421659365%, 10/19,L,60,"nu=0.7027999999999985, n_components=3"
PCA + SVM,54.724403921343324%, 10/19,L,60,"nu=0.7028999999999985, n_components=3"
PCA + SVM,54.724403921343324%, 10/19,L,60,"nu=0.7029999999999985, n_components=3"
PCA + SVM,54.724403921343324%, 10/19,L,60,"nu=0.7030999999999985, n_components=3"
PCA + SVM,62.09282497397491%, 11/19,L,60,"nu=0.7031999999999985, n_components=3"
PCA + SVM,62.19808813186965%, 11/19,L,60,"nu=0.7032999999999985, n_components=3"
PCA + SVM,62.19808813186965%, 11/19,L,60,"nu=0.7033999999999985, n_components=3"
PCA + SVM,62.19808813186965%, 11/19,L,60,"nu=0.7034999999999985, n_components=3"
PCA + SVM,65.05268224426929%, 12/19,L,60,"nu=0.7035999999999984, n_components=3"
PCA + SVM,65.05268224426929%, 12/19,L,60,"nu=0.7036999999999984, n_components=3"
PCA + SVM,65.05268224426929%, 12/19,L,60,"nu=0.7037999999999984, n_components=3"
PCA + SVM,63.401495453763616%, 12/19,L,60,"nu=0.7038999999999984, n_components=3"
PCA + SVM,63.401495453763616%, 12/19,L,60,"nu=0.7039999999999984, n_components=3"
PCA + SVM,63.401495453763616%, 12/19,L,60,"nu=0.7040999999999984, n_components=3"
PCA + SVM,60.16973183418837%, 12/19,L,60,"nu=0.7041999999999984, n_components=3"
PCA + SVM,60.16973183418837%, 12/19,L,60,"nu=0.7042999999999984, n_components=3"
PCA + SVM,60.16973183418837%, 12/19,L,60,"nu=0.7043999999999984, n_components=3"
PCA + SVM,60.06851725928959%, 12/19,L,60,"nu=0.7044999999999983, n_components=3"
PCA + SVM,59.90404357507907%, 12/19,L,60,"nu=0.7045999999999983, n_components=3"
PCA + SVM,60.51133102447177%, 13/19,L,60,"nu=0.7046999999999983, n_components=3"
PCA + SVM,60.128555904854544%, 12/19,L,60,"nu=0.7047999999999983, n_components=3"
PCA + SVM,60.50200278465352%, 12/19,L,60,"nu=0.7048999999999983, n_components=3"
PCA + SVM,60.50200278465352%, 12/19,L,60,"nu=0.7049999999999983, n_components=3"
PCA + SVM,60.50200278465352%, 12/19,L,60,"nu=0.7050999999999983, n_components=3"
PCA + SVM,60.50200278465352%, 12/19,L,60,"nu=0.7051999999999983, n_components=3"
PCA + SVM,60.08095015307456%, 13/19,L,60,"nu=0.7052999999999983, n_components=3"
PCA + SVM,60.08095015307456%, 13/19,L,60,"nu=0.7053999999999983, n_components=3"
PCA + SVM,60.08095015307456%, 13/19,L,60,"nu=0.7054999999999982, n_components=3"
PCA + SVM,60.08095015307456%, 13/19,L,60,"nu=0.7055999999999982, n_components=3"
PCA + SVM,56.06667718251257%, 12/19,L,60,"nu=0.7056999999999982, n_components=3"
PCA + SVM,56.155883248525065%, 12/19,L,60,"nu=0.7057999999999982, n_components=3"
PCA + SVM,56.155883248525065%, 12/19,L,60,"nu=0.7058999999999982, n_components=3"
PCA + SVM,56.155883248525065%, 12/19,L,60,"nu=0.7059999999999982, n_components=3"
PCA + SVM,57.80707003903074%, 12/19,L,60,"nu=0.7060999999999982, n_components=3"
PCA + SVM,57.80707003903074%, 12/19,L,60,"nu=0.7061999999999982, n_components=3"
PCA + SVM,61.223505865438845%, 12/19,L,60,"nu=0.7062999999999982, n_components=3"
PCA + SVM,61.223505865438845%, 12/19,L,60,"nu=0.7063999999999981, n_components=3"
PCA + SVM,61.223505865438845%, 12/19,L,60,"nu=0.7064999999999981, n_components=3"
PCA + SVM,61.223505865438845%, 12/19,L,60,"nu=0.7065999999999981, n_components=3"
PCA + SVM,61.223505865438845%, 12/19,L,60,"nu=0.7066999999999981, n_components=3"
PCA + SVM,62.13443703952791%, 11/19,L,60,"nu=0.7067999999999981, n_components=3"
PCA + SVM,62.804293498858065%, 12/19,L,60,"nu=0.7068999999999981, n_components=3"
PCA + SVM,58.311353832619304%, 11/19,L,60,"nu=0.7069999999999981, n_components=3"
PCA + SVM,58.40209793425271%, 11/19,L,60,"nu=0.7070999999999981, n_components=3"
PCA + SVM,58.40209793425271%, 11/19,L,60,"nu=0.707199999999998, n_components=3"
PCA + SVM,58.40209793425271%, 11/19,L,60,"nu=0.707299999999998, n_components=3"
PCA + SVM,51.45472951320006%, 9/19,L,60,"nu=0.707399999999998, n_components=3"
PCA + SVM,46.19157161846322%, 8/19,L,60,"nu=0.707499999999998, n_components=3"
PCA + SVM,46.19157161846322%, 8/19,L,60,"nu=0.707599999999998, n_components=3"
PCA + SVM,46.19157161846322%, 8/19,L,60,"nu=0.707699999999998, n_components=3"
PCA + SVM,50.11663852301274%, 9/19,L,60,"nu=0.707799999999998, n_components=3"
PCA + SVM,50.11663852301274%, 9/19,L,60,"nu=0.707899999999998, n_components=3"
PCA + SVM,50.11663852301274%, 9/19,L,60,"nu=0.707999999999998, n_components=3"
PCA + SVM,50.11663852301274%, 9/19,L,60,"nu=0.708099999999998, n_components=3"
PCA + SVM,52.07742283673823%, 10/19,L,60,"nu=0.7081999999999979, n_components=3"
PCA + SVM,52.174888723677796%, 10/19,L,60,"nu=0.7082999999999979, n_components=3"
PCA + SVM,51.34386379292988%, 10/19,L,60,"nu=0.7083999999999979, n_components=3"
PCA + SVM,51.34386379292988%, 10/19,L,60,"nu=0.7084999999999979, n_components=3"
PCA + SVM,51.34386379292988%, 10/19,L,60,"nu=0.7085999999999979, n_components=3"
PCA + SVM,56.60702168766672%, 11/19,L,60,"nu=0.7086999999999979, n_components=3"
PCA + SVM,56.60702168766672%, 11/19,L,60,"nu=0.7087999999999979, n_components=3"
PCA + SVM,57.315523711958214%, 12/19,L,60,"nu=0.7088999999999979, n_components=3"
PCA + SVM,57.21982993205391%, 12/19,L,60,"nu=0.7089999999999979, n_components=3"
PCA + SVM,57.21982993205391%, 12/19,L,60,"nu=0.7090999999999978, n_components=3"
PCA + SVM,55.58643610265281%, 12/19,L,60,"nu=0.7091999999999978, n_components=3"
PCA + SVM,55.58643610265281%, 12/19,L,60,"nu=0.7092999999999978, n_components=3"
PCA + SVM,55.58643610265281%, 12/19,L,60,"nu=0.7093999999999978, n_components=3"
PCA + SVM,56.757257893973225%, 13/19,L,60,"nu=0.7094999999999978, n_components=3"
PCA + SVM,56.757257893973225%, 13/19,L,60,"nu=0.7095999999999978, n_components=3"
PCA + SVM,62.02041578871006%, 14/19,L,60,"nu=0.7096999999999978, n_components=3"
PCA + SVM,62.02041578871006%, 14/19,L,60,"nu=0.7097999999999978, n_components=3"
PCA + SVM,57.91693675213557%, 13/19,L,60,"nu=0.7098999999999978, n_components=3"
PCA + SVM,57.91693675213557%, 13/19,L,60,"nu=0.7099999999999977, n_components=3"
PCA + SVM,68.41755637268324%, 14/19,L,60,"nu=0.7005, n_components=3"
PCA + SVM,57.946428303177356%, 11/19,L,60,"nu=0.7015, n_components=3"
PCA + SVM,52.88179564210098%, 9/19,L,60,"nu=0.7025, n_components=3"
PCA + SVM,62.19808813186965%, 11/19,L,60,"nu=0.7035, n_components=3"
PCA + SVM,60.06851725928959%, 12/19,L,60,"nu=0.7045, n_components=3"
PCA + SVM,60.08095015307456%, 13/19,L,60,"nu=0.7055, n_components=3"
PCA + SVM,61.223505865438845%, 12/19,L,60,"nu=0.7065, n_components=3"
PCA + SVM,46.19157161846322%, 8/19,L,60,"nu=0.7075, n_components=3"
PCA + SVM,51.34386379292988%, 10/19,L,60,"nu=0.7085, n_components=3"
PCA + SVM,56.757257893973225%, 13/19,L,60,"nu=0.7095, n_components=3"
PCA + SVM,74.30275425370613%, 16/19,L,60,"nu=0.7005, n_components=3"
PCA + SVM,63.657202303875984%, 12/19,L,60,"nu=0.7015, n_components=3"
PCA + SVM,58.76335046450335%, 11/19,L,60,"nu=0.7025, n_components=3"
PCA + SVM,65.3566497385022%, 12/19,L,60,"nu=0.7035, n_components=3"
PCA + SVM,59.36614173036286%, 10/19,L,60,"nu=0.7045, n_components=3"
PCA + SVM,55.483461796866266%, 10/19,L,60,"nu=0.7055, n_components=3"
PCA + SVM,59.97486825871597%, 12/19,L,60,"nu=0.7065, n_components=3"
PCA + SVM,51.39216440448775%, 9/19,L,60,"nu=0.7075, n_components=3"
PCA + SVM,56.74308609309997%, 10/19,L,60,"nu=0.7085, n_components=3"
PCA + SVM,56.64777873972674%, 11/19,L,60,"nu=0.7095, n_components=3"
PCA + SVM,40.10499949008607%, 7/19,L,60,"nu=0.5, n_components=3"
PCA + SVM,36.06176349709334%, 6/19,L,60,"nu=0.501, n_components=3"
PCA + SVM,53.6284913537563%, 11/19,L,60,"nu=0.502, n_components=3"
PCA + SVM,48.251738564527066%, 10/19,L,60,"nu=0.503, n_components=3"
PCA + SVM,35.99208812819072%, 7/19,L,60,"nu=0.504, n_components=3"
PCA + SVM,34.83020070635927%, 5/19,L,60,"nu=0.505, n_components=3"
PCA + SVM,46.37556835539053%, 7/19,L,60,"nu=0.506, n_components=3"
PCA + SVM,43.88280585662194%, 7/19,L,60,"nu=0.507, n_components=3"
PCA + SVM,40.04219645114633%, 7/19,L,60,"nu=0.508, n_components=3"
PCA + SVM,40.200802949845524%, 7/19,L,60,"nu=0.509, n_components=3"
PCA + SVM,38.87430075143578%, 7/19,L,60,"nu=0.51, n_components=3"
PCA + SVM,42.567167620634386%, 6/19,L,60,"nu=0.511, n_components=3"
PCA + SVM,55.225700605464056%, 9/19,L,60,"nu=0.512, n_components=3"
PCA + SVM,51.15442223772316%, 9/19,L,60,"nu=0.513, n_components=3"
PCA + SVM,50.16697837016304%, 9/19,L,60,"nu=0.514, n_components=3"
PCA + SVM,53.812147139193435%, 9/19,L,60,"nu=0.515, n_components=3"
PCA + SVM,48.97438085381743%, 9/19,L,60,"nu=0.516, n_components=3"
PCA + SVM,46.03249713042388%, 9/19,L,60,"nu=0.517, n_components=3"
PCA + SVM,45.36369520238287%, 8/19,L,60,"nu=0.518, n_components=3"
PCA + SVM,50.446559483884236%, 9/19,L,60,"nu=0.519, n_components=3"
PCA + SVM,51.08796252952836%, 9/19,L,60,"nu=0.52, n_components=3"
PCA + SVM,54.52616597863219%, 11/19,L,60,"nu=0.521, n_components=3"
PCA + SVM,47.21889326038175%, 10/19,L,60,"nu=0.522, n_components=3"
PCA + SVM,42.23128504708793%, 8/19,L,60,"nu=0.523, n_components=3"
PCA + SVM,39.76748755592742%, 7/19,L,60,"nu=0.524, n_components=3"
PCA + SVM,46.097968285547395%, 8/19,L,60,"nu=0.525, n_components=3"
PCA + SVM,47.18489613621908%, 8/19,L,60,"nu=0.526, n_components=3"
PCA + SVM,51.497139284041914%, 9/19,L,60,"nu=0.527, n_components=3"
PCA + SVM,51.27308303947361%, 9/19,L,60,"nu=0.528, n_components=3"
PCA + SVM,35.16475438424177%, 6/19,L,60,"nu=0.529, n_components=3"
PCA + SVM,35.735379345643324%, 6/19,L,60,"nu=0.53, n_components=3"
PCA + SVM,39.1930913059956%, 7/19,L,60,"nu=0.531, n_components=3"
PCA + SVM,46.36574125713294%, 7/19,L,60,"nu=0.532, n_components=3"
PCA + SVM,40.90895375919971%, 6/19,L,60,"nu=0.533, n_components=3"
PCA + SVM,28.03024930235739%, 3/19,L,60,"nu=0.534, n_components=3"
PCA + SVM,34.75071949386502%, 4/19,L,60,"nu=0.535, n_components=3"
PCA + SVM,44.6415300910974%, 8/19,L,60,"nu=0.536, n_components=3"
PCA + SVM,40.4687589820382%, 8/19,L,60,"nu=0.537, n_components=3"
PCA + SVM,38.13385360855912%, 7/19,L,60,"nu=0.538, n_components=3"
PCA + SVM,33.133028984537184%, 6/19,L,60,"nu=0.539, n_components=3"
PCA + SVM,32.317130617218666%, 6/19,L,60,"nu=0.54, n_components=3"
PCA + SVM,21.09532768079818%, 3/19,L,60,"nu=0.541, n_components=3"
PCA + SVM,35.931795603988476%, 6/19,L,60,"nu=0.542, n_components=3"
PCA + SVM,39.6100593611658%, 7/19,L,60,"nu=0.543, n_components=3"
PCA + SVM,38.88235488499598%, 7/19,L,60,"nu=0.544, n_components=3"
PCA + SVM,45.08198226517307%, 8/19,L,60,"nu=0.545, n_components=3"
PCA + SVM,37.56911779821584%, 8/19,L,60,"nu=0.546, n_components=3"
PCA + SVM,33.50385653078356%, 7/19,L,60,"nu=0.547, n_components=3"
PCA + SVM,27.150451395665502%, 5/19,L,60,"nu=0.548, n_components=3"
PCA + SVM,28.63009900812137%, 5/19,L,60,"nu=0.549, n_components=3"
PCA + SVM,32.255863697618906%, 5/19,L,60,"nu=0.55, n_components=3"
PCA + SVM,35.53622544548571%, 5/19,L,60,"nu=0.551, n_components=3"
PCA + SVM,38.12695672330214%, 6/19,L,60,"nu=0.552, n_components=3"
PCA + SVM,32.78334085666788%, 5/19,L,60,"nu=0.553, n_components=3"
PCA + SVM,33.8762829108229%, 6/19,L,60,"nu=0.554, n_components=3"
PCA + SVM,36.42653003623542%, 8/19,L,60,"nu=0.555, n_components=3"
PCA + SVM,32.75070878528939%, 7/19,L,60,"nu=0.556, n_components=3"
PCA + SVM,43.68470533475845%, 9/19,L,60,"nu=0.557, n_components=3"
PCA + SVM,51.047618552222715%, 10/19,L,60,"nu=0.558, n_components=3"
PCA + SVM,44.530639378158796%, 8/19,L,60,"nu=0.559, n_components=3"
PCA + SVM,38.006347880183085%, 7/19,L,60,"nu=0.56, n_components=3"
PCA + SVM,43.636678444644105%, 9/19,L,60,"nu=0.561, n_components=3"
PCA + SVM,43.56490459122657%, 9/19,L,60,"nu=0.562, n_components=3"
PCA + SVM,39.14261488223004%, 7/19,L,60,"nu=0.5630000000000001, n_components=3"
PCA + SVM,41.31001308341754%, 7/19,L,60,"nu=0.5640000000000001, n_components=3"
PCA + SVM,31.44892036356886%, 5/19,L,60,"nu=0.5650000000000001, n_components=3"
PCA + SVM,28.40661194395122%, 4/19,L,60,"nu=0.5660000000000001, n_components=3"
PCA + SVM,40.907981439673094%, 7/19,L,60,"nu=0.5670000000000001, n_components=3"
PCA + SVM,35.54714039216291%, 6/19,L,60,"nu=0.5680000000000001, n_components=3"
PCA + SVM,45.696894259342166%, 8/19,L,60,"nu=0.5690000000000001, n_components=3"
PCA + SVM,48.894115830791854%, 9/19,L,60,"nu=0.5700000000000001, n_components=3"
PCA + SVM,36.65419498595998%, 7/19,L,60,"nu=0.5710000000000001, n_components=3"
PCA + SVM,40.03281485956173%, 7/19,L,60,"nu=0.5720000000000001, n_components=3"
PCA + SVM,52.60846762637635%, 10/19,L,60,"nu=0.5730000000000001, n_components=3"
PCA + SVM,36.501565132980005%, 6/19,L,60,"nu=0.5740000000000001, n_components=3"
PCA + SVM,31.07950203083536%, 5/19,L,60,"nu=0.5750000000000001, n_components=3"
PCA + SVM,33.141655207673345%, 7/19,L,60,"nu=0.5760000000000001, n_components=3"
PCA + SVM,33.27875970456265%, 7/19,L,60,"nu=0.5770000000000001, n_components=3"
PCA + SVM,37.31665531334314%, 6/19,L,60,"nu=0.5780000000000001, n_components=3"
PCA + SVM,44.868091588091225%, 8/19,L,60,"nu=0.5790000000000001, n_components=3"
PCA + SVM,41.82352676809088%, 9/19,L,60,"nu=0.5800000000000001, n_components=3"
PCA + SVM,37.1841017249569%, 8/19,L,60,"nu=0.5810000000000001, n_components=3"
PCA + SVM,33.03279719534917%, 7/19,L,60,"nu=0.5820000000000001, n_components=3"
PCA + SVM,36.019586199579265%, 8/19,L,60,"nu=0.5830000000000001, n_components=3"
PCA + SVM,45.780570182237476%, 10/19,L,60,"nu=0.5840000000000001, n_components=3"
PCA + SVM,41.17999157969018%, 9/19,L,60,"nu=0.5850000000000001, n_components=3"
PCA + SVM,35.4259496622719%, 7/19,L,60,"nu=0.5860000000000001, n_components=3"
PCA + SVM,36.41007435266385%, 6/19,L,60,"nu=0.5870000000000001, n_components=3"
PCA + SVM,35.43000908775327%, 6/19,L,60,"nu=0.5880000000000001, n_components=3"
PCA + SVM,40.235409942338244%, 7/19,L,60,"nu=0.5890000000000001, n_components=3"
PCA + SVM,49.410600662177615%, 10/19,L,60,"nu=0.5900000000000001, n_components=3"
PCA + SVM,52.248447972416514%, 11/19,L,60,"nu=0.5910000000000001, n_components=3"
PCA + SVM,51.64939156330317%, 10/19,L,60,"nu=0.5920000000000001, n_components=3"
PCA + SVM,47.59296512821775%, 8/19,L,60,"nu=0.5930000000000001, n_components=3"
PCA + SVM,48.42387463883641%, 9/19,L,60,"nu=0.5940000000000001, n_components=3"
PCA + SVM,45.34862108249643%, 9/19,L,60,"nu=0.5950000000000001, n_components=3"
PCA + SVM,40.210508210124715%, 7/19,L,60,"nu=0.5960000000000001, n_components=3"
PCA + SVM,39.57028412096313%, 7/19,L,60,"nu=0.5970000000000001, n_components=3"
PCA + SVM,45.667207834106584%, 9/19,L,60,"nu=0.5980000000000001, n_components=3"
PCA + SVM,48.00540342439948%, 11/19,L,60,"nu=0.5990000000000001, n_components=3"
PCA + SVM,46.8215016883122%, 10/19,L,60,"nu=0.6000000000000001, n_components=3"
PCA + SVM,44.220575310265886%, 9/19,L,60,"nu=0.6010000000000001, n_components=3"
PCA + SVM,39.59690276295652%, 8/19,L,60,"nu=0.6020000000000001, n_components=3"
PCA + SVM,43.64370999081821%, 8/19,L,60,"nu=0.6030000000000001, n_components=3"
PCA + SVM,47.355397711722595%, 8/19,L,60,"nu=0.6040000000000001, n_components=3"
PCA + SVM,46.89483824001523%, 8/19,L,60,"nu=0.6050000000000001, n_components=3"
PCA + SVM,49.467788052362636%, 10/19,L,60,"nu=0.6060000000000001, n_components=3"
PCA + SVM,53.671915619927056%, 11/19,L,60,"nu=0.6070000000000001, n_components=3"
PCA + SVM,51.4274967490242%, 10/19,L,60,"nu=0.6080000000000001, n_components=3"
PCA + SVM,44.246947867820076%, 9/19,L,60,"nu=0.6090000000000001, n_components=3"
PCA + SVM,47.300656492726404%, 10/19,L,60,"nu=0.6100000000000001, n_components=3"
PCA + SVM,58.03758660132791%, 13/19,L,60,"nu=0.6110000000000001, n_components=3"
PCA + SVM,60.5583617308446%, 14/19,L,60,"nu=0.6120000000000001, n_components=3"
PCA + SVM,52.03822787724896%, 11/19,L,60,"nu=0.6130000000000001, n_components=3"
PCA + SVM,48.74067647691749%, 8/19,L,60,"nu=0.6140000000000001, n_components=3"
PCA + SVM,49.659024392589224%, 8/19,L,60,"nu=0.6150000000000001, n_components=3"
PCA + SVM,50.95258336336585%, 9/19,L,60,"nu=0.6160000000000001, n_components=3"
PCA + SVM,56.22924757706288%, 11/19,L,60,"nu=0.6170000000000001, n_components=3"
PCA + SVM,58.45953060976844%, 12/19,L,60,"nu=0.6180000000000001, n_components=3"
PCA + SVM,61.50447674302858%, 13/19,L,60,"nu=0.6190000000000001, n_components=3"
PCA + SVM,55.99133142467439%, 12/19,L,60,"nu=0.6200000000000001, n_components=3"
PCA + SVM,46.93642896728309%, 9/19,L,60,"nu=0.6210000000000001, n_components=3"
PCA + SVM,42.891650662722974%, 8/19,L,60,"nu=0.6220000000000001, n_components=3"
PCA + SVM,51.44627254580774%, 11/19,L,60,"nu=0.6230000000000001, n_components=3"
PCA + SVM,66.56150766521611%, 14/19,L,60,"nu=0.6240000000000001, n_components=3"
PCA + SVM,53.44286187654049%, 10/19,L,60,"nu=0.6250000000000001, n_components=3"
PCA + SVM,44.997126785952965%, 8/19,L,60,"nu=0.6260000000000001, n_components=3"
PCA + SVM,50.45235755414971%, 9/19,L,60,"nu=0.6270000000000001, n_components=3"
PCA + SVM,59.81351910144351%, 11/19,L,60,"nu=0.6280000000000001, n_components=3"
PCA + SVM,61.27479141301427%, 13/19,L,60,"nu=0.6290000000000001, n_components=3"
PCA + SVM,50.84109896954692%, 11/19,L,60,"nu=0.6300000000000001, n_components=3"
PCA + SVM,47.78539667416739%, 9/19,L,60,"nu=0.6310000000000001, n_components=3"
PCA + SVM,55.13463008415352%, 10/19,L,60,"nu=0.6320000000000001, n_components=3"
PCA + SVM,48.904574404097964%, 8/19,L,60,"nu=0.6330000000000001, n_components=3"
PCA + SVM,47.98566489386102%, 8/19,L,60,"nu=0.6340000000000001, n_components=3"
PCA + SVM,53.98175879418664%, 10/19,L,60,"nu=0.6350000000000001, n_components=3"
PCA + SVM,53.637863494186874%, 10/19,L,60,"nu=0.6360000000000001, n_components=3"
PCA + SVM,48.2502690755761%, 8/19,L,60,"nu=0.6370000000000001, n_components=3"
PCA + SVM,52.51595967400533%, 9/19,L,60,"nu=0.6380000000000001, n_components=3"
PCA + SVM,59.35630223575185%, 11/19,L,60,"nu=0.6390000000000001, n_components=3"
PCA + SVM,62.70573147933733%, 12/19,L,60,"nu=0.6400000000000001, n_components=3"
PCA + SVM,59.041514744630916%, 12/19,L,60,"nu=0.6410000000000001, n_components=3"
PCA + SVM,61.96104192451677%, 12/19,L,60,"nu=0.6420000000000001, n_components=3"
PCA + SVM,61.76249469211847%, 13/19,L,60,"nu=0.6430000000000001, n_components=3"
PCA + SVM,62.19036437081101%, 14/19,L,60,"nu=0.6440000000000001, n_components=3"
PCA + SVM,64.6514859394212%, 13/19,L,60,"nu=0.6450000000000001, n_components=3"
PCA + SVM,57.344555120693656%, 11/19,L,60,"nu=0.6460000000000001, n_components=3"
PCA + SVM,46.00817940202926%, 8/19,L,60,"nu=0.6470000000000001, n_components=3"
PCA + SVM,53.184185603135624%, 10/19,L,60,"nu=0.6480000000000001, n_components=3"
PCA + SVM,59.83531172771913%, 11/19,L,60,"nu=0.6490000000000001, n_components=3"
PCA + SVM,57.47486665407969%, 11/19,L,60,"nu=0.6500000000000001, n_components=3"
PCA + SVM,57.38956335345525%, 11/19,L,60,"nu=0.6510000000000001, n_components=3"
PCA + SVM,55.4844602680327%, 10/19,L,60,"nu=0.6520000000000001, n_components=3"
PCA + SVM,63.54656999149388%, 12/19,L,60,"nu=0.6530000000000001, n_components=3"
PCA + SVM,64.19383534958617%, 12/19,L,60,"nu=0.6540000000000001, n_components=3"
PCA + SVM,54.468327554950115%, 10/19,L,60,"nu=0.6550000000000001, n_components=3"
PCA + SVM,54.860220124588736%, 10/19,L,60,"nu=0.6560000000000001, n_components=3"
PCA + SVM,59.58399389854358%, 11/19,L,60,"nu=0.6570000000000001, n_components=3"
PCA + SVM,65.23083984187667%, 12/19,L,60,"nu=0.6580000000000001, n_components=3"
PCA + SVM,64.27881923951307%, 12/19,L,60,"nu=0.6590000000000001, n_components=3"
PCA + SVM,62.83067709667694%, 12/19,L,60,"nu=0.6600000000000001, n_components=3"
PCA + SVM,70.91321306749002%, 15/19,L,60,"nu=0.6610000000000001, n_components=3"
PCA + SVM,69.10716196005856%, 15/19,L,60,"nu=0.6620000000000001, n_components=3"
PCA + SVM,64.82393799707789%, 13/19,L,60,"nu=0.6630000000000001, n_components=3"
PCA + SVM,57.513487503382756%, 10/19,L,60,"nu=0.6640000000000001, n_components=3"
PCA + SVM,56.48136772676145%, 10/19,L,60,"nu=0.6650000000000001, n_components=3"
PCA + SVM,53.17470338270588%, 10/19,L,60,"nu=0.6660000000000001, n_components=3"
PCA + SVM,51.17711548281343%, 10/19,L,60,"nu=0.6670000000000001, n_components=3"
PCA + SVM,54.48523625285272%, 11/19,L,60,"nu=0.6680000000000001, n_components=3"
PCA + SVM,63.03571125557145%, 12/19,L,60,"nu=0.6690000000000002, n_components=3"
PCA + SVM,70.77236842142946%, 14/19,L,60,"nu=0.6700000000000002, n_components=3"
PCA + SVM,68.78969649975089%, 14/19,L,60,"nu=0.6710000000000002, n_components=3"
PCA + SVM,66.74388291883692%, 15/19,L,60,"nu=0.6720000000000002, n_components=3"
PCA + SVM,71.34991260995213%, 16/19,L,60,"nu=0.6730000000000002, n_components=3"
PCA + SVM,71.7042931893697%, 16/19,L,60,"nu=0.6740000000000002, n_components=3"
PCA + SVM,75.10495383183952%, 16/19,L,60,"nu=0.6750000000000002, n_components=3"
PCA + SVM,65.61363285168581%, 13/19,L,60,"nu=0.6760000000000002, n_components=3"
PCA + SVM,60.78915072200019%, 12/19,L,60,"nu=0.6770000000000002, n_components=3"
PCA + SVM,67.98827148188872%, 14/19,L,60,"nu=0.6780000000000002, n_components=3"
PCA + SVM,65.89899995104165%, 13/19,L,60,"nu=0.6790000000000002, n_components=3"
PCA + SVM,64.0348527278643%, 13/19,L,60,"nu=0.6800000000000002, n_components=3"
PCA + SVM,66.30087172157604%, 12/19,L,60,"nu=0.6810000000000002, n_components=3"
PCA + SVM,62.65187125873828%, 11/19,L,60,"nu=0.6820000000000002, n_components=3"
PCA + SVM,55.712399166529536%, 9/19,L,60,"nu=0.6830000000000002, n_components=3"
PCA + SVM,62.15492895978528%, 11/19,L,60,"nu=0.6840000000000002, n_components=3"
PCA + SVM,57.94187347717975%, 12/19,L,60,"nu=0.6850000000000002, n_components=3"
PCA + SVM,57.81414736942342%, 12/19,L,60,"nu=0.6860000000000002, n_components=3"
PCA + SVM,66.76443130580427%, 14/19,L,60,"nu=0.6870000000000002, n_components=3"
PCA + SVM,57.30518270153584%, 11/19,L,60,"nu=0.6880000000000002, n_components=3"
PCA + SVM,58.27858134386303%, 12/19,L,60,"nu=0.6890000000000002, n_components=3"
PCA + SVM,61.11171886316368%, 12/19,L,60,"nu=0.6900000000000002, n_components=3"
PCA + SVM,61.642239638405236%, 11/19,L,60,"nu=0.6910000000000002, n_components=3"
PCA + SVM,58.43677640352838%, 11/19,L,60,"nu=0.6920000000000002, n_components=3"
PCA + SVM,62.18508367590347%, 12/19,L,60,"nu=0.6930000000000002, n_components=3"
PCA + SVM,66.9478242834642%, 13/19,L,60,"nu=0.6940000000000002, n_components=3"
PCA + SVM,70.97112859807602%, 14/19,L,60,"nu=0.6950000000000002, n_components=3"
PCA + SVM,74.93117053411973%, 15/19,L,60,"nu=0.6960000000000002, n_components=3"
PCA + SVM,58.763142311997676%, 10/19,L,60,"nu=0.6970000000000002, n_components=3"
PCA + SVM,52.31051676667886%, 9/19,L,60,"nu=0.6980000000000002, n_components=3"
PCA + SVM,67.12124345495786%, 14/19,L,60,"nu=0.6990000000000002, n_components=3"
PCA + SVM,75.71598495190914%, 16/19,L,60,"nu=0.7000000000000002, n_components=3"
PCA + SVM,70.29786091323669%, 14/19,L,60,"nu=0.7010000000000002, n_components=3"
PCA + SVM,63.26160546865067%, 12/19,L,60,"nu=0.7020000000000002, n_components=3"
PCA + SVM,59.87003847349758%, 11/19,L,60,"nu=0.7030000000000002, n_components=3"
PCA + SVM,67.66413172467665%, 12/19,L,60,"nu=0.7040000000000002, n_components=3"
PCA + SVM,60.3400861162855%, 11/19,L,60,"nu=0.7050000000000002, n_components=3"
PCA + SVM,51.11236456225431%, 9/19,L,60,"nu=0.7060000000000002, n_components=3"
PCA + SVM,58.36109050886632%, 11/19,L,60,"nu=0.7070000000000002, n_components=3"
PCA + SVM,55.40643737504977%, 10/19,L,60,"nu=0.7080000000000002, n_components=3"
PCA + SVM,50.506428014336635%, 9/19,L,60,"nu=0.7090000000000002, n_components=3"
PCA + SVM,52.93768044178794%, 10/19,L,60,"nu=0.7100000000000002, n_components=3"
PCA + SVM,52.089455648638925%, 10/19,L,60,"nu=0.7110000000000002, n_components=3"
PCA + SVM,46.898628201985765%, 8/19,L,60,"nu=0.7120000000000002, n_components=3"
PCA + SVM,44.99466346027629%, 8/19,L,60,"nu=0.7130000000000002, n_components=3"
PCA + SVM,55.94528768177312%, 11/19,L,60,"nu=0.7140000000000002, n_components=3"
PCA + SVM,59.0223666556855%, 11/19,L,60,"nu=0.7150000000000002, n_components=3"
PCA + SVM,58.11820067267779%, 11/19,L,60,"nu=0.7160000000000002, n_components=3"
PCA + SVM,62.32448890759345%, 12/19,L,60,"nu=0.7170000000000002, n_components=3"
PCA + SVM,61.479823060404456%, 13/19,L,60,"nu=0.7180000000000002, n_components=3"
PCA + SVM,58.40774336503386%, 12/19,L,60,"nu=0.7190000000000002, n_components=3"
PCA + SVM,61.390217119443626%, 12/19,L,60,"nu=0.7200000000000002, n_components=3"
PCA + SVM,66.29128133273994%, 13/19,L,60,"nu=0.7210000000000002, n_components=3"
PCA + SVM,51.679935521274025%, 8/19,L,60,"nu=0.7220000000000002, n_components=3"
PCA + SVM,51.465622412199316%, 9/19,L,60,"nu=0.7230000000000002, n_components=3"
PCA + SVM,53.05072902666843%, 10/19,L,60,"nu=0.7240000000000002, n_components=3"
PCA + SVM,56.74124899275495%, 10/19,L,60,"nu=0.7250000000000002, n_components=3"
PCA + SVM,49.33127681389046%, 9/19,L,60,"nu=0.7260000000000002, n_components=3"
PCA + SVM,48.10976892376772%, 8/19,L,60,"nu=0.7270000000000002, n_components=3"
PCA + SVM,55.78719023483647%, 10/19,L,60,"nu=0.7280000000000002, n_components=3"
PCA + SVM,55.07233924252386%, 10/19,L,60,"nu=0.7290000000000002, n_components=3"
PCA + SVM,48.31774879104147%, 8/19,L,60,"nu=0.7300000000000002, n_components=3"
PCA + SVM,41.448547930606836%, 6/19,L,60,"nu=0.7310000000000002, n_components=3"
PCA + SVM,43.75984433021481%, 7/19,L,60,"nu=0.7320000000000002, n_components=3"
PCA + SVM,52.97527492074735%, 9/19,L,60,"nu=0.7330000000000002, n_components=3"
PCA + SVM,59.567263088288094%, 11/19,L,60,"nu=0.7340000000000002, n_components=3"
PCA + SVM,66.15120274752407%, 12/19,L,60,"nu=0.7350000000000002, n_components=3"
PCA + SVM,68.05388734020136%, 11/19,L,60,"nu=0.7360000000000002, n_components=3"
PCA + SVM,66.0363244949195%, 11/19,L,60,"nu=0.7370000000000002, n_components=3"
PCA + SVM,57.69265549914834%, 10/19,L,60,"nu=0.7380000000000002, n_components=3"
PCA + SVM,46.09503763452382%, 8/19,L,60,"nu=0.7390000000000002, n_components=3"
PCA + SVM,46.05560484646936%, 8/19,L,60,"nu=0.7400000000000002, n_components=3"
PCA + SVM,56.17148867375199%, 11/19,L,60,"nu=0.7410000000000002, n_components=3"
PCA + SVM,69.35576658540536%, 14/19,L,60,"nu=0.7420000000000002, n_components=3"
PCA + SVM,64.54981264684588%, 13/19,L,60,"nu=0.7430000000000002, n_components=3"
PCA + SVM,42.690112997321116%, 7/19,L,60,"nu=0.7440000000000002, n_components=3"
PCA + SVM,46.580432328489046%, 7/19,L,60,"nu=0.7450000000000002, n_components=3"
PCA + SVM,51.28177432260736%, 8/19,L,60,"nu=0.7460000000000002, n_components=3"
PCA + SVM,64.23601670462944%, 12/19,L,60,"nu=0.7470000000000002, n_components=3"
PCA + SVM,61.510089606831954%, 12/19,L,60,"nu=0.7480000000000002, n_components=3"
PCA + SVM,52.23074054818556%, 10/19,L,60,"nu=0.7490000000000002, n_components=3"
PCA + SVM,53.09987759201357%, 11/19,L,60,"nu=0.7500000000000002, n_components=3"
PCA + SVM,64.60179355736511%, 15/19,L,60,"nu=0.7510000000000002, n_components=3"
PCA + SVM,55.56921398541095%, 12/19,L,60,"nu=0.7520000000000002, n_components=3"
PCA + SVM,57.31770576849269%, 10/19,L,60,"nu=0.7530000000000002, n_components=3"
PCA + SVM,47.83871343358411%, 7/19,L,60,"nu=0.7540000000000002, n_components=3"
PCA + SVM,41.45347279027845%, 5/19,L,60,"nu=0.7550000000000002, n_components=3"
PCA + SVM,46.04072706814309%, 8/19,L,60,"nu=0.7560000000000002, n_components=3"
PCA + SVM,52.28689495964488%, 10/19,L,60,"nu=0.7570000000000002, n_components=3"
PCA + SVM,68.25353403686364%, 13/19,L,60,"nu=0.7580000000000002, n_components=3"
PCA + SVM,69.51353001000433%, 14/19,L,60,"nu=0.7590000000000002, n_components=3"
PCA + SVM,62.193563756857884%, 12/19,L,60,"nu=0.7600000000000002, n_components=3"
PCA + SVM,57.27754572527648%, 11/19,L,60,"nu=0.7610000000000002, n_components=3"
PCA + SVM,59.80587594565453%, 12/19,L,60,"nu=0.7620000000000002, n_components=3"
PCA + SVM,56.78362988941558%, 10/19,L,60,"nu=0.7630000000000002, n_components=3"
PCA + SVM,52.22584897093315%, 9/19,L,60,"nu=0.7640000000000002, n_components=3"
PCA + SVM,51.765282698583015%, 9/19,L,60,"nu=0.7650000000000002, n_components=3"
PCA + SVM,55.97549714774054%, 12/19,L,60,"nu=0.7660000000000002, n_components=3"
PCA + SVM,62.8430307828384%, 13/19,L,60,"nu=0.7670000000000002, n_components=3"
PCA + SVM,57.55577308337417%, 10/19,L,60,"nu=0.7680000000000002, n_components=3"
PCA + SVM,55.00131593792713%, 10/19,L,60,"nu=0.7690000000000002, n_components=3"
PCA + SVM,48.73286392646634%, 9/19,L,60,"nu=0.7700000000000002, n_components=3"
PCA + SVM,52.808113941639604%, 10/19,L,60,"nu=0.7710000000000002, n_components=3"
PCA + SVM,45.09624717816919%, 7/19,L,60,"nu=0.7720000000000002, n_components=3"
PCA + SVM,56.156771320762175%, 10/19,L,60,"nu=0.7730000000000002, n_components=3"
PCA + SVM,57.15079071643089%, 11/19,L,60,"nu=0.7740000000000002, n_components=3"
PCA + SVM,45.93371982603875%, 8/19,L,60,"nu=0.7750000000000002, n_components=3"
PCA + SVM,43.57054142765218%, 7/19,L,60,"nu=0.7760000000000002, n_components=3"
PCA + SVM,49.23992329232491%, 8/19,L,60,"nu=0.7770000000000002, n_components=3"
PCA + SVM,60.710881330376196%, 12/19,L,60,"nu=0.7780000000000002, n_components=3"
PCA + SVM,55.172317400346984%, 10/19,L,60,"nu=0.7790000000000002, n_components=3"
PCA + SVM,42.946374241168996%, 6/19,L,60,"nu=0.7800000000000002, n_components=3"
PCA + SVM,46.59241550873004%, 7/19,L,60,"nu=0.7810000000000002, n_components=3"
PCA + SVM,49.73830234684029%, 9/19,L,60,"nu=0.7820000000000003, n_components=3"
PCA + SVM,53.04519045285442%, 10/19,L,60,"nu=0.7830000000000003, n_components=3"
PCA + SVM,43.95780687085608%, 7/19,L,60,"nu=0.7840000000000003, n_components=3"
PCA + SVM,33.740115812149526%, 5/19,L,60,"nu=0.7850000000000003, n_components=3"
PCA + SVM,38.08581587932817%, 6/19,L,60,"nu=0.7860000000000003, n_components=3"
PCA + SVM,41.85934025104715%, 7/19,L,60,"nu=0.7870000000000003, n_components=3"
PCA + SVM,42.285111809386414%, 7/19,L,60,"nu=0.7880000000000003, n_components=3"
PCA + SVM,40.51257968589312%, 7/19,L,60,"nu=0.7890000000000003, n_components=3"
PCA + SVM,29.36081314442511%, 5/19,L,60,"nu=0.7900000000000003, n_components=3"
PCA + SVM,34.428332594348056%, 6/19,L,60,"nu=0.7910000000000003, n_components=3"
PCA + SVM,48.738299905986956%, 10/19,L,60,"nu=0.7920000000000003, n_components=3"
PCA + SVM,46.57149172026504%, 9/19,L,60,"nu=0.7930000000000003, n_components=3"
PCA + SVM,42.63757852252857%, 7/19,L,60,"nu=0.7940000000000003, n_components=3"
PCA + SVM,44.55919166776429%, 8/19,L,60,"nu=0.7950000000000003, n_components=3"
PCA + SVM,38.48066562317176%, 7/19,L,60,"nu=0.7960000000000003, n_components=3"
PCA + SVM,43.87345748091625%, 7/19,L,60,"nu=0.7970000000000003, n_components=3"
PCA + SVM,59.689660270932364%, 10/19,L,60,"nu=0.7980000000000003, n_components=3"
PCA + SVM,61.14412389110674%, 10/19,L,60,"nu=0.7990000000000003, n_components=3"
PCA + SVM,58.19349984462035%, 9/19,L,60,"nu=0.8000000000000003, n_components=3"
PCA + SVM,67.12124345495786%, 14/19,L,60,"nu=0.699, n_components=3"
PCA + SVM,67.12124345495786%, 14/19,L,60,"nu=0.6990999999999999, n_components=3"
PCA + SVM,67.12124345495786%, 14/19,L,60,"nu=0.6991999999999999, n_components=3"
PCA + SVM,66.58600705888291%, 14/19,L,60,"nu=0.6992999999999999, n_components=3"
PCA + SVM,66.69127021677765%, 14/19,L,60,"nu=0.6993999999999999, n_components=3"
PCA + SVM,66.69127021677765%, 14/19,L,60,"nu=0.6994999999999999, n_components=3"
PCA + SVM,66.69127021677765%, 14/19,L,60,"nu=0.6995999999999999, n_components=3"
PCA + SVM,67.20726608881068%, 14/19,L,60,"nu=0.6996999999999999, n_components=3"
PCA + SVM,67.49966374962939%, 14/19,L,60,"nu=0.6997999999999999, n_components=3"
PCA + SVM,75.62524085027574%, 16/19,L,60,"nu=0.6998999999999999, n_components=3"
PCA + SVM,75.71598495190914%, 16/19,L,60,"nu=0.6999999999999998, n_components=3"
PCA + SVM,75.71598495190914%, 16/19,L,60,"nu=0.7000999999999998, n_components=3"
PCA + SVM,75.80832105532556%, 16/19,L,60,"nu=0.7001999999999998, n_components=3"
PCA + SVM,75.80832105532556%, 16/19,L,60,"nu=0.7002999999999998, n_components=3"
PCA + SVM,75.80832105532556%, 16/19,L,60,"nu=0.7003999999999998, n_components=3"
PCA + SVM,74.30275425370613%, 16/19,L,60,"nu=0.7004999999999998, n_components=3"
PCA + SVM,72.48457243552431%, 15/19,L,60,"nu=0.7005999999999998, n_components=3"
PCA + SVM,69.39927297998892%, 14/19,L,60,"nu=0.7006999999999998, n_components=3"
PCA + SVM,70.29786091323669%, 14/19,L,60,"nu=0.7007999999999998, n_components=3"
PCA + SVM,70.29786091323669%, 14/19,L,60,"nu=0.7008999999999997, n_components=3"
PCA + SVM,70.29786091323669%, 14/19,L,60,"nu=0.7009999999999997, n_components=3"
PCA + SVM,63.03707633943235%, 13/19,L,"[21, 41, 0]","nu=0.7002, n_components=3"
PCA + SVM,71.00884078075188%, 15/19,L,"[21, 41, 1]","nu=0.7002, n_components=3"
PCA + SVM,64.93480933493456%, 13/19,L,"[21, 41, 2]","nu=0.7002, n_components=3"
PCA + SVM,68.61742652234432%, 16/19,L,"[21, 41, 3]","nu=0.7002, n_components=3"
PCA + SVM,63.26504022948263%, 14/19,L,"[21, 41, 4]","nu=0.7002, n_components=3"
PCA + SVM,68.04692230262735%, 15/19,L,"[21, 41, 5]","nu=0.7002, n_components=3"
PCA + SVM,67.48939154891683%, 15/19,L,"[21, 41, 6]","nu=0.7002, n_components=3"
PCA + SVM,65.61626301525695%, 13/19,L,"[21, 41, 7]","nu=0.7002, n_components=3"
PCA + SVM,65.2011854651173%, 15/19,L,"[21, 41, 8]","nu=0.7002, n_components=3"
PCA + SVM,66.110018018282%, 12/19,L,"[21, 41, 9]","nu=0.7002, n_components=3"
PCA + SVM,61.029724129478446%, 11/19,L,"[21, 41, 10]","nu=0.7002, n_components=3"
PCA + SVM,68.04526227118784%, 13/19,L,"[21, 41, 11]","nu=0.7002, n_components=3"
PCA + SVM,61.70520080422817%, 13/19,L,"[21, 41, 12]","nu=0.7002, n_components=3"
PCA + SVM,68.92230804245021%, 15/19,L,"[21, 41, 13]","nu=0.7002, n_components=3"
PCA + SVM,62.484295678029746%, 13/19,L,"[21, 41, 14]","nu=0.7002, n_components=3"
PCA + SVM,72.32783236571703%, 16/19,L,"[21, 41, 15]","nu=0.7002, n_components=3"
PCA + SVM,58.93854873510922%, 12/19,L,"[21, 41, 16]","nu=0.7002, n_components=3"
PCA + SVM,67.33525812230467%, 15/19,L,"[21, 41, 17]","nu=0.7002, n_components=3"
PCA + SVM,63.73387911395418%, 14/19,L,"[21, 41, 18]","nu=0.7002, n_components=3"
PCA + SVM,70.08939832441673%, 16/19,L,"[21, 41, 19]","nu=0.7002, n_components=3"
PCA + SVM,65.03839321972903%, 13/19,L,"[21, 41, 20]","nu=0.7002, n_components=3"
PCA + SVM,74.9357292630777%, 17/19,L,"[21, 41, 21]","nu=0.7002, n_components=3"
PCA + SVM,64.4010137796411%, 13/19,L,"[21, 41, 22]","nu=0.7002, n_components=3"
PCA + SVM,60.7882797555124%, 13/19,L,"[21, 41, 23]","nu=0.7002, n_components=3"
PCA + SVM,62.87936547678721%, 13/19,L,"[21, 41, 24]","nu=0.7002, n_components=3"
PCA + SVM,59.739338513309725%, 14/19,L,"[21, 41, 25]","nu=0.7002, n_components=3"
PCA + SVM,61.656510816183754%, 13/19,L,"[21, 41, 26]","nu=0.7002, n_components=3"
PCA + SVM,63.23370389789977%, 13/19,L,"[21, 41, 27]","nu=0.7002, n_components=3"
PCA + SVM,62.048444356153155%, 13/19,L,"[21, 41, 28]","nu=0.7002, n_components=3"
PCA + SVM,73.83494112057073%, 15/19,L,"[21, 41, 29]","nu=0.7002, n_components=3"
PCA + SVM,62.27833717644927%, 13/19,L,"[21, 41, 30]","nu=0.7002, n_components=3"
PCA + SVM,75.25108260383215%, 15/19,L,"[21, 41, 31]","nu=0.7002, n_components=3"
PCA + SVM,57.89124862074346%, 12/19,L,"[21, 41, 32]","nu=0.7002, n_components=3"
PCA + SVM,71.83677159453899%, 15/19,L,"[21, 41, 33]","nu=0.7002, n_components=3"
PCA + SVM,57.54781113092628%, 11/19,L,"[21, 41, 34]","nu=0.7002, n_components=3"
PCA + SVM,70.05364578432737%, 15/19,L,"[21, 41, 35]","nu=0.7002, n_components=3"
PCA + SVM,62.61931887017054%, 12/19,L,"[21, 41, 36]","nu=0.7002, n_components=3"
PCA + SVM,62.041995699009256%, 11/19,L,"[21, 41, 37]","nu=0.7002, n_components=3"
PCA + SVM,62.01721371056741%, 12/19,L,"[21, 41, 38]","nu=0.7002, n_components=3"
PCA + SVM,69.69435780723727%, 14/19,L,"[21, 41, 39]","nu=0.7002, n_components=3"
PCA + SVM,62.960933943901864%, 13/19,L,"[21, 41, 40]","nu=0.7002, n_components=3"
PCA + SVM,70.12939526410872%, 15/19,L,"[21, 41, 41]","nu=0.7002, n_components=3"
PCA + SVM,63.72017873916105%, 13/19,L,"[21, 41, 42]","nu=0.7002, n_components=3"
PCA + SVM,66.38597535258505%, 14/19,L,"[21, 41, 43]","nu=0.7002, n_components=3"
PCA + SVM,61.914022573584404%, 12/19,L,"[21, 41, 44]","nu=0.7002, n_components=3"
PCA + SVM,65.3337249729292%, 13/19,L,"[21, 41, 45]","nu=0.7002, n_components=3"
PCA + SVM,58.79616031199997%, 12/19,L,"[21, 41, 46]","nu=0.7002, n_components=3"
PCA + SVM,66.35480821377283%, 13/19,L,"[21, 41, 47]","nu=0.7002, n_components=3"
PCA + SVM,58.78273033184195%, 12/19,L,"[21, 41, 48]","nu=0.7002, n_components=3"
PCA + SVM,71.9534635792719%, 15/19,L,"[21, 41, 49]","nu=0.7002, n_components=3"
PCA + SVM,61.43205177587505%, 12/19,L,"[21, 41, 50]","nu=0.7002, n_components=3"
PCA + SVM,67.3941001253372%, 14/19,L,"[21, 41, 51]","nu=0.7002, n_components=3"
PCA + SVM,59.054484204423886%, 11/19,L,"[21, 41, 52]","nu=0.7002, n_components=3"
PCA + SVM,68.07903404216616%, 12/19,L,"[21, 41, 53]","nu=0.7002, n_components=3"
PCA + SVM,61.290547913703264%, 13/19,L,"[21, 41, 54]","nu=0.7002, n_components=3"
PCA + SVM,71.44468035213812%, 14/19,L,"[21, 41, 55]","nu=0.7002, n_components=3"
PCA + SVM,62.314648606702114%, 13/19,L,"[21, 41, 56]","nu=0.7002, n_components=3"
PCA + SVM,62.20984918394381%, 12/19,L,"[21, 41, 57]","nu=0.7002, n_components=3"
PCA + SVM,65.68608610641856%, 13/19,L,"[21, 41, 58]","nu=0.7002, n_components=3"
PCA + SVM,61.00555641279338%, 12/19,L,"[21, 41, 59]","nu=0.7002, n_components=3"
PCA + SVM,75.34201227466963%, 15/19,L,"[21, 41, 60]","nu=0.7002, n_components=3"
PCA + SVM,63.68824619140913%, 13/19,L,"[21, 41, 60, 0]","nu=0.7002, n_components=3"
PCA + SVM,70.67636054368529%, 15/19,L,"[21, 41, 60, 1]","nu=0.7002, n_components=3"
PCA + SVM,66.32988109530986%, 14/19,L,"[21, 41, 60, 2]","nu=0.7002, n_components=3"
PCA + SVM,73.01415354211673%, 16/19,L,"[21, 41, 60, 3]","nu=0.7002, n_components=3"
PCA + SVM,72.2812496363703%, 15/19,L,"[21, 41, 60, 4]","nu=0.7002, n_components=3"
PCA + SVM,67.02150969779478%, 14/19,L,"[21, 41, 60, 5]","nu=0.7002, n_components=3"
PCA + SVM,66.35347347575336%, 15/19,L,"[21, 41, 60, 6]","nu=0.7002, n_components=3"
PCA + SVM,64.16303038295035%, 13/19,L,"[21, 41, 60, 7]","nu=0.7002, n_components=3"
PCA + SVM,64.28512047815029%, 14/19,L,"[21, 41, 60, 8]","nu=0.7002, n_components=3"
PCA + SVM,67.98932134418976%, 13/19,L,"[21, 41, 60, 9]","nu=0.7002, n_components=3"
PCA + SVM,62.235330120725365%, 12/19,L,"[21, 41, 60, 10]","nu=0.7002, n_components=3"
PCA + SVM,68.99952697664664%, 13/19,L,"[21, 41, 60, 11]","nu=0.7002, n_components=3"
PCA + SVM,61.444966478139385%, 12/19,L,"[21, 41, 60, 12]","nu=0.7002, n_components=3"
PCA + SVM,69.103791669429%, 14/19,L,"[21, 41, 60, 13]","nu=0.7002, n_components=3"
PCA + SVM,62.062783959816436%, 13/19,L,"[21, 41, 60, 14]","nu=0.7002, n_components=3"
PCA + SVM,71.86595568834967%, 15/19,L,"[21, 41, 60, 15]","nu=0.7002, n_components=3"
PCA + SVM,57.64742065956552%, 12/19,L,"[21, 41, 60, 16]","nu=0.7002, n_components=3"
PCA + SVM,71.51214838834831%, 15/19,L,"[21, 41, 60, 17]","nu=0.7002, n_components=3"
PCA + SVM,63.10844433436043%, 12/19,L,"[21, 41, 60, 18]","nu=0.7002, n_components=3"
PCA + SVM,74.26087844082552%, 16/19,L,"[21, 41, 60, 19]","nu=0.7002, n_components=3"
PCA + SVM,63.02644687029314%, 13/19,L,"[21, 41, 60, 20]","nu=0.7002, n_components=3"
PCA + SVM,74.85351131352755%, 17/19,L,"[21, 41, 60, 21]","nu=0.7002, n_components=3"
PCA + SVM,63.09825347756451%, 13/19,L,"[21, 41, 60, 22]","nu=0.7002, n_components=3"
PCA + SVM,73.16396981684899%, 16/19,L,"[21, 41, 60, 23]","nu=0.7002, n_components=3"
PCA + SVM,62.24235491619955%, 12/19,L,"[21, 41, 60, 24]","nu=0.7002, n_components=3"
PCA + SVM,58.91152874402731%, 13/19,L,"[21, 41, 60, 25]","nu=0.7002, n_components=3"
PCA + SVM,61.18784732565861%, 12/19,L,"[21, 41, 60, 26]","nu=0.7002, n_components=3"
PCA + SVM,63.99028266403738%, 13/19,L,"[21, 41, 60, 27]","nu=0.7002, n_components=3"
PCA + SVM,62.485294530836924%, 13/19,L,"[21, 41, 60, 28]","nu=0.7002, n_components=3"
PCA + SVM,73.39129951711917%, 14/19,L,"[21, 41, 60, 29]","nu=0.7002, n_components=3"
PCA + SVM,62.39819934253769%, 13/19,L,"[21, 41, 60, 30]","nu=0.7002, n_components=3"
PCA + SVM,74.178813632687%, 15/19,L,"[21, 41, 60, 31]","nu=0.7002, n_components=3"
PCA + SVM,57.99978759159684%, 12/19,L,"[21, 41, 60, 32]","nu=0.7002, n_components=3"
PCA + SVM,70.74012914302355%, 14/19,L,"[21, 41, 60, 33]","nu=0.7002, n_components=3"
PCA + SVM,58.97828470234639%, 12/19,L,"[21, 41, 60, 34]","nu=0.7002, n_components=3"
PCA + SVM,68.05834282863232%, 14/19,L,"[21, 41, 60, 35]","nu=0.7002, n_components=3"
PCA + SVM,61.56868068877315%, 12/19,L,"[21, 41, 60, 36]","nu=0.7002, n_components=3"
PCA + SVM,60.79302211394353%, 12/19,L,"[21, 41, 60, 37]","nu=0.7002, n_components=3"
PCA + SVM,62.8405149296745%, 12/19,L,"[21, 41, 60, 38]","nu=0.7002, n_components=3"
PCA + SVM,74.79869799072902%, 15/19,L,"[21, 41, 60, 39]","nu=0.7002, n_components=3"
PCA + SVM,62.54939672415123%, 13/19,L,"[21, 41, 60, 40]","nu=0.7002, n_components=3"
PCA + SVM,75.45240638018868%, 15/19,L,"[21, 41, 60, 41]","nu=0.7002, n_components=3"
PCA + SVM,63.59697302489472%, 13/19,L,"[21, 41, 60, 42]","nu=0.7002, n_components=3"
PCA + SVM,66.0764857223675%, 13/19,L,"[21, 41, 60, 43]","nu=0.7002, n_components=3"
PCA + SVM,61.85949442415682%, 12/19,L,"[21, 41, 60, 44]","nu=0.7002, n_components=3"
PCA + SVM,65.79178031280904%, 13/19,L,"[21, 41, 60, 45]","nu=0.7002, n_components=3"
PCA + SVM,58.62423326553359%, 12/19,L,"[21, 41, 60, 46]","nu=0.7002, n_components=3"
PCA + SVM,65.16992757419716%, 13/19,L,"[21, 41, 60, 47]","nu=0.7002, n_components=3"
PCA + SVM,59.157967776930235%, 12/19,L,"[21, 41, 60, 48]","nu=0.7002, n_components=3"
PCA + SVM,71.00273199384715%, 14/19,L,"[21, 41, 60, 49]","nu=0.7002, n_components=3"
PCA + SVM,60.80365605186604%, 12/19,L,"[21, 41, 60, 50]","nu=0.7002, n_components=3"
PCA + SVM,66.30416758045638%, 13/19,L,"[21, 41, 60, 51]","nu=0.7002, n_components=3"
PCA + SVM,58.863308243792346%, 11/19,L,"[21, 41, 60, 52]","nu=0.7002, n_components=3"
PCA + SVM,68.03139217254498%, 12/19,L,"[21, 41, 60, 53]","nu=0.7002, n_components=3"
PCA + SVM,62.2773948627304%, 13/19,L,"[21, 41, 60, 54]","nu=0.7002, n_components=3"
PCA + SVM,71.46273308499477%, 14/19,L,"[21, 41, 60, 55]","nu=0.7002, n_components=3"
PCA + SVM,62.59410228031067%, 13/19,L,"[21, 41, 60, 56]","nu=0.7002, n_components=3"
PCA + SVM,63.1999079941917%, 12/19,L,"[21, 41, 60, 57]","nu=0.7002, n_components=3"
PCA + SVM,65.28462092774903%, 13/19,L,"[21, 41, 60, 58]","nu=0.7002, n_components=3"
PCA + SVM,67.51942139099295%, 14/19,L,"[21, 41, 60, 59]","nu=0.7002, n_components=3"
PCA + SVM,71.69163961236995%, 14/19,L,"[21, 41, 60, 60]","nu=0.7002, n_components=3"
